checkpoint_days,branch,rows,completed_n,textual_conflict_n,source_unavailable_n,task_setup_failure_n,completed_rate_all_rows,patch_only_denominator,completed_rate_excluding_source_and_setup,completed_rate_all_wilson95_low,completed_rate_all_wilson95_high,completed_rate_excluding_source_and_setup_wilson95_low,completed_rate_excluding_source_and_setup_wilson95_high,source_id,evidence_role,claim_boundary
7,human,30,17,8,3,2,0.5666666666666667,25,0.68,0.3919730700081361,0.7262251442353347,0.48410269273102247,0.8279480969309202,core_replay,primary,"Provider-free descriptive stratification of an existing 30-task, five-checkpoint F2P replay. Each checkpoint is an independently attempted bounded replay, so the rows describe checkpoint state composition and paired status agreement; they are not longitudinal survival, semantic, behavioral, adaptation, causal, or formal current-objective outcomes."
7,OrcaLoca,30,17,8,3,2,0.5666666666666667,25,0.68,0.3919730700081361,0.7262251442353347,0.48410269273102247,0.8279480969309202,core_replay,primary,"Provider-free descriptive stratification of an existing 30-task, five-checkpoint F2P replay. Each checkpoint is an independently attempted bounded replay, so the rows describe checkpoint state composition and paired status agreement; they are not longitudinal survival, semantic, behavioral, adaptation, causal, or formal current-objective outcomes."
30,human,30,12,13,3,2,0.4,25,0.48,0.24590628116801852,0.5767963974667752,0.30031285954112974,0.6650148304964322,core_replay,primary,"Provider-free descriptive stratification of an existing 30-task, five-checkpoint F2P replay. Each checkpoint is an independently attempted bounded replay, so the rows describe checkpoint state composition and paired status agreement; they are not longitudinal survival, semantic, behavioral, adaptation, causal, or formal current-objective outcomes."
30,OrcaLoca,30,11,14,3,2,0.36666666666666664,25,0.44,0.21873920806100708,0.5448643634520511,0.26665638881067344,0.6293266813020123,core_replay,primary,"Provider-free descriptive stratification of an existing 30-task, five-checkpoint F2P replay. Each checkpoint is an independently attempted bounded replay, so the rows describe checkpoint state composition and paired status agreement; they are not longitudinal survival, semantic, behavioral, adaptation, causal, or formal current-objective outcomes."
90,human,30,6,18,4,2,0.2,24,0.25,0.0950510717728987,0.3730569641314825,0.11999366228595004,0.44899444005154004,core_replay,primary,"Provider-free descriptive stratification of an existing 30-task, five-checkpoint F2P replay. Each checkpoint is an independently attempted bounded replay, so the rows describe checkpoint state composition and paired status agreement; they are not longitudinal survival, semantic, behavioral, adaptation, causal, or formal current-objective outcomes."
90,OrcaLoca,30,6,19,3,2,0.2,25,0.24,0.0950510717728987,0.3730569641314825,0.11496313693401444,0.4342968335542908,core_replay,primary,"Provider-free descriptive stratification of an existing 30-task, five-checkpoint F2P replay. Each checkpoint is an independently attempted bounded replay, so the rows describe checkpoint state composition and paired status agreement; they are not longitudinal survival, semantic, behavioral, adaptation, causal, or formal current-objective outcomes."
180,human,30,2,21,5,2,0.06666666666666667,23,0.08695652173913043,0.018477023791270378,0.2132345836261692,0.024180004484220363,0.26795981075743663,core_replay,primary,"Provider-free descriptive stratification of an existing 30-task, five-checkpoint F2P replay. Each checkpoint is an independently attempted bounded replay, so the rows describe checkpoint state composition and paired status agreement; they are not longitudinal survival, semantic, behavioral, adaptation, causal, or formal current-objective outcomes."
180,OrcaLoca,30,2,22,4,2,0.06666666666666667,24,0.08333333333333333,0.018477023791270378,0.2132345836261692,0.023158815297043306,0.25848802193210685,core_replay,primary,"Provider-free descriptive stratification of an existing 30-task, five-checkpoint F2P replay. Each checkpoint is an independently attempted bounded replay, so the rows describe checkpoint state composition and paired status agreement; they are not longitudinal survival, semantic, behavioral, adaptation, causal, or formal current-objective outcomes."
365,human,30,2,21,5,2,0.06666666666666667,23,0.08695652173913043,0.018477023791270378,0.2132345836261692,0.024180004484220363,0.26795981075743663,core_replay,primary,"Provider-free descriptive stratification of an existing 30-task, five-checkpoint F2P replay. Each checkpoint is an independently attempted bounded replay, so the rows describe checkpoint state composition and paired status agreement; they are not longitudinal survival, semantic, behavioral, adaptation, causal, or formal current-objective outcomes."
365,OrcaLoca,30,1,23,4,2,0.03333333333333333,24,0.041666666666666664,0.005908590381612455,0.16670390991409173,0.0073934561655057685,0.20241806478655938,core_replay,primary,"Provider-free descriptive stratification of an existing 30-task, five-checkpoint F2P replay. Each checkpoint is an independently attempted bounded replay, so the rows describe checkpoint state composition and paired status agreement; they are not longitudinal survival, semantic, behavioral, adaptation, causal, or formal current-objective outcomes."
