effect_id,rq,metric,numerator,denominator,estimate,ci_low,ci_high,ci_method,unit,evidence_level,source_id,formal_promotion,interpretation,claim_boundary
H01,RQ1,checkpoint replay rows,300,300,1.0,,,,rows,observed,core_replay,False,30 tasks x 2 branches x 5 independently attempted checkpoints,"Descriptive effect table. Wilson intervals apply only to observed binomial counts; no semantic, causal, survival or model-ranking promotion."
H02,RQ1,replay completed,76,300,0.25333333333333335,0.20745,0.305454,Wilson 95%,rate,textual_status,core_replay,False,"bounded replay completion, not semantic or future-test correctness","Descriptive effect table. Wilson intervals apply only to observed binomial counts; no semantic, causal, survival or model-ranking promotion."
H03,RQ1,future textual conflict,167,300,0.5566666666666666,0.500087,0.611813,Wilson 95%,rate,textual_status,core_replay,False,observed patch/history incompatibility,"Descriptive effect table. Wilson intervals apply only to observed binomial counts; no semantic, causal, survival or model-ranking promotion."
H04,RQ1,source unavailable,37,300,0.12333333333333334,0.090817,0.165374,Wilson 95%,rate,environment_status,core_replay,False,infrastructure confound kept outside agent-failure interpretation,"Descriptive effect table. Wilson intervals apply only to observed binomial counts; no semantic, causal, survival or model-ranking promotion."
H05,RQ1,task setup failure,20,300,0.06666666666666667,0.043568,0.100723,Wilson 95%,rate,environment_status,core_replay,False,setup confound kept separate from textual conflict,"Descriptive effect table. Wilson intervals apply only to observed binomial counts; no semantic, causal, survival or model-ranking promotion."
H06,RQ1,pooled d7 replay completion,34,60,0.5666666666666667,0.441034,0.684276,Wilson 95%,rate,textual_status,core_replay,False,pooled branch/checkpoint composition,"Descriptive effect table. Wilson intervals apply only to observed binomial counts; no semantic, causal, survival or model-ranking promotion."
H07,RQ1,pooled d30 replay completion,23,60,0.38333333333333336,0.270883,0.509824,Wilson 95%,rate,textual_status,core_replay,False,pooled branch/checkpoint composition,"Descriptive effect table. Wilson intervals apply only to observed binomial counts; no semantic, causal, survival or model-ranking promotion."
H08,RQ1,pooled d90 replay completion,12,60,0.2,0.118285,0.317818,Wilson 95%,rate,textual_status,core_replay,False,pooled branch/checkpoint composition,"Descriptive effect table. Wilson intervals apply only to observed binomial counts; no semantic, causal, survival or model-ranking promotion."
H09,RQ1,pooled d180 replay completion,4,60,0.06666666666666667,0.026229,0.159254,Wilson 95%,rate,textual_status,core_replay,False,pooled branch/checkpoint composition,"Descriptive effect table. Wilson intervals apply only to observed binomial counts; no semantic, causal, survival or model-ranking promotion."
H10,RQ1,pooled d365 replay completion,3,60,0.05,0.01715,0.137005,Wilson 95%,rate,textual_status,core_replay,False,pooled branch/checkpoint composition,"Descriptive effect table. Wilson intervals apply only to observed binomial counts; no semantic, causal, survival or model-ranking promotion."
H11,RQ1,d7 paired status agreement,30,30,1.0,0.886487,1.0,Wilson 95%,rate,paired_status_proxy,core_replay,False,"agreement is on recorded replay status, not semantic behavior","Descriptive effect table. Wilson intervals apply only to observed binomial counts; no semantic, causal, survival or model-ranking promotion."
H12,RQ1,d365 paired status agreement,28,30,0.9333333333333333,0.786765,0.981523,Wilson 95%,rate,paired_status_proxy,core_replay,False,"agreement is on recorded replay status, not semantic behavior","Descriptive effect table. Wilson intervals apply only to observed binomial counts; no semantic, causal, survival or model-ranking promotion."
H13,t0 gate,robust-correct observed branches,0,60,0.0,0.0,0.060172,Wilson 95%,rate,partial_gate,t0_validation,False,available t0 validation source is not bound to the active objective,"Descriptive effect table. Wilson intervals apply only to observed binomial counts; no semantic, causal, survival or model-ranking promotion."
H14,t0 gate,paired-valid observed tasks,0,30,0.0,0.0,0.113513,Wilson 95%,rate,partial_gate,t0_validation,False,available t0 validation source is not bound to the active objective,"Descriptive effect table. Wilson intervals apply only to observed binomial counts; no semantic, causal, survival or model-ranking promotion."
H15,RQ2,manual adaptation LOC observed,0,300,0.0,,,,observed count,unobserved,bounded_adaptation,False,"zero means no manual adaptation record, not zero cost","Descriptive effect table. Wilson intervals apply only to observed binomial counts; no semantic, causal, survival or model-ranking promotion."
H16,RQ2,merge-feasible rows with augmented-test conflict,20,20,1.0,0.838875,1.0,Wilson 95%,rate,diagnostic,bounded_adaptation,False,automatic merge was followed by test-patch conflict,"Descriptive effect table. Wilson intervals apply only to observed binomial counts; no semantic, causal, survival or model-ranking promotion."
H17,RQ2,dependency-repaired rows with future test pass,0,13,0.0,0.0,0.228095,Wilson 95%,rate,diagnostic,dependency_repair,False,test-result metadata appeared but no future pass,"Descriptive effect table. Wilson intervals apply only to observed binomial counts; no semantic, causal, survival or model-ranking promotion."
H18,RQ3,supplemental behavior-mismatch pairs,1,4,0.25,0.045587,0.699358,Wilson 95%,rate,supplemental_behavior,behavior_diagnostic,False,one of four pairs differed on recorded behavior fields,"Descriptive effect table. Wilson intervals apply only to observed binomial counts; no semantic, causal, survival or model-ranking promotion."
H19,RQ4,exploratory predictor association rows,36,36,1.0,,,,rows,exploratory,proxy_predictors,False,retrospective proxy associations; no confirmatory causal inference,"Descriptive effect table. Wilson intervals apply only to observed binomial counts; no semantic, causal, survival or model-ranking promotion."
H20,SOTA proxy,agent patch applies at recorded snapshots,266,720,0.36944444444444446,0.334969,0.405305,Wilson 95%,rate,apply_only,sota_compatibility,False,read-only apply compatibility; no test or behavior claim,"Descriptive effect table. Wilson intervals apply only to observed binomial counts; no semantic, causal, survival or model-ranking promotion."
H21,SOTA proxy,agent patch applies at d365 snapshot,20,120,0.16666666666666666,0.11056,0.243453,Wilson 95%,rate,apply_only,sota_compatibility,False,late historical compatibility proxy,"Descriptive effect table. Wilson intervals apply only to observed binomial counts; no semantic, causal, survival or model-ranking promotion."
H22,SOTA proxy,CodeFuse apply rate,0,180,0.0,0.0,0.020895,Wilson 95%,rate,apply_only,sota_compatibility,False,method-specific descriptive proxy; no model ranking,"Descriptive effect table. Wilson intervals apply only to observed binomial counts; no semantic, causal, survival or model-ranking promotion."
H23,SOTA method supplement,SWE-Fixer official resolution,21,58,0.3620689655172414,0.250549,0.490725,Wilson 95%,rate,exact_image_descriptive,swefixer_exact,False,independent archived SWE-Fixer patch replay; selected-task descriptive result,"Descriptive effect table. Wilson intervals apply only to observed binomial counts; no semantic, causal, survival or model-ranking promotion."
H24,SOTA method supplement,reused gold control resolution,55,58,0.9482758620689655,0.858606,0.982254,Wilson 95%,rate,exact_image_control,swefixer_exact,False,gold control is reused and is not a fresh human-generation arm,"Descriptive effect table. Wilson intervals apply only to observed binomial counts; no semantic, causal, survival or model-ranking promotion."
H25,SOTA method supplement,SWE-Fixer human-only paired outcomes,34,58,0.5862068965517241,0.457984,0.70372,Wilson 95%,rate,paired_descriptive,swefixer_exact,False,paired outcome contrast; selective exact-image cohort and no causal claim,"Descriptive effect table. Wilson intervals apply only to observed binomial counts; no semantic, causal, survival or model-ranking promotion."
H26,SOTA method supplement,SWE-Fixer agent patch text difference,961.7586206896551,831.3965517241379,0.15679890504137206,,,,relative_difference,patch_structure_descriptive,swefixer_exact,False,agent archive has larger mean patch text; not a quality estimate,"Descriptive effect table. Wilson intervals apply only to observed binomial counts; no semantic, causal, survival or model-ranking promotion."
H27,SOTA method supplement,SWE-Fixer agent runtime difference,29.977482113344916,12.162161929854031,1.4648152430663042,,,,relative_difference,runtime_descriptive,swefixer_exact,False,runner runtime difference under exact cached images; not generation cost,"Descriptive effect table. Wilson intervals apply only to observed binomial counts; no semantic, causal, survival or model-ranking promotion."
H40,harness control,165-task exact-image both-branch official resolution,150,165,0.9090909090909091,0.855433,0.944134,Wilson 95%,rate,gold_equivalent_control,exact_gold_control,False,gold-equivalent control only; not an independent agent-method comparison,"Descriptive effect table. Wilson intervals apply only to observed binomial counts; no semantic, causal, survival or model-ranking promotion."
H41,harness control,165-task exact-image patch apply,330,330,1.0,0.988493,1.0,Wilson 95%,rate,gold_equivalent_control,exact_gold_control,False,all branches use gold-equivalent normalized patches; harness reproducibility only,"Descriptive effect table. Wilson intervals apply only to observed binomial counts; no semantic, causal, survival or model-ranking promotion."
H42,RQ1 diagnostic,future-test process logs observed,76,76,1.0,0.951886,1.0,Wilson 95%,rate,future_test_process,future_test_process_diagnostic,False,76 process returncodes/stderr logs extracted; environment blockers remain separate from L3 survival,"Descriptive effect table. Wilson intervals apply only to observed binomial counts; no semantic, causal, survival or model-ranking promotion."
H43,RQ1 diagnostic,future-test process passes,0,76,0.0,0.0,0.048114,Wilson 95%,rate,future_test_process,future_test_process_diagnostic,False,process pass is zero in this rebind; failures are not semantic patch failures without environment resolution,"Descriptive effect table. Wilson intervals apply only to observed binomial counts; no semantic, causal, survival or model-ranking promotion."
H44,t0 Docker diagnostic,locally available Docker-image tasks,17,30,0.5666666666666667,0.391973,0.726225,Wilson 95%,rate,docker_process_diagnostic,docker_t0_probe,False,17 of 30 task IDs had a locally available benchmark image; unavailable tasks are not failures,"Descriptive effect table. Wilson intervals apply only to observed binomial counts; no semantic, causal, survival or model-ranking promotion."
H45,t0 Docker diagnostic,Docker image-available branch rows,34,60,0.5666666666666667,0.441034,0.684276,Wilson 95%,rate,docker_process_diagnostic,docker_t0_probe,False,34 of 60 branch rows entered the container process; all rows retain explicit image availability,"Descriptive effect table. Wilson intervals apply only to observed binomial counts; no semantic, causal, survival or model-ranking promotion."
H46,t0 Docker diagnostic,compile pass among image-available branches,34,34,1.0,0.898485,1.0,Wilson 95%,rate,docker_process_diagnostic,docker_t0_probe,False,compileall reached pass for 34 of 34 available-image branches; this is a process diagnostic,"Descriptive effect table. Wilson intervals apply only to observed binomial counts; no semantic, causal, survival or model-ranking promotion."
H47,t0 Docker diagnostic,official test process pass among image-available branches,18,34,0.5294117647058824,0.367367,0.685485,Wilson 95%,rate,docker_process_diagnostic,docker_t0_probe,False,18 of 34 available-image branches passed F2P and P2P; no semantic or longitudinal claim,"Descriptive effect table. Wilson intervals apply only to observed binomial counts; no semantic, causal, survival or model-ranking promotion."
H48,t0 Docker paired diagnostic,human process pass among image-available task pairs,12,17,0.7058823529411765,0.468669,0.8672,Wilson 95%,rate,docker_pair_process_diagnostic,docker_t0_probe,False,same-task human branch process baseline on the 17 locally image-available pairs; diagnostic only,"Descriptive effect table. Wilson intervals apply only to observed binomial counts; no semantic, causal, survival or model-ranking promotion."
H49,t0 Docker paired diagnostic,OrcaLoca process pass among image-available task pairs,6,17,0.35294117647058826,0.173097,0.586996,Wilson 95%,rate,docker_pair_process_diagnostic,docker_t0_probe,False,same-task OrcaLoca process outcome on the 17 locally image-available pairs; diagnostic only,"Descriptive effect table. Wilson intervals apply only to observed binomial counts; no semantic, causal, survival or model-ranking promotion."
H50,t0 Docker paired diagnostic,human-only process-pass pairs,6,17,0.35294117647058826,0.173097,0.586996,Wilson 95%,rate,docker_pair_process_diagnostic,docker_t0_probe,False,"paired process pattern, not a semantic quality or causal comparison","Descriptive effect table. Wilson intervals apply only to observed binomial counts; no semantic, causal, survival or model-ranking promotion."
H51,t0 Docker paired diagnostic,both-branch process-pass pairs,6,17,0.35294117647058826,0.173097,0.586996,Wilson 95%,rate,docker_pair_process_diagnostic,docker_t0_probe,False,paired process pattern with both F2P/P2P outcomes passing,"Descriptive effect table. Wilson intervals apply only to observed binomial counts; no semantic, causal, survival or model-ranking promotion."
H52,t0 Docker paired diagnostic,neither-branch process-pass pairs,5,17,0.29411764705882354,0.1328,0.531331,Wilson 95%,rate,docker_pair_process_diagnostic,docker_t0_probe,False,paired process pattern; failures retain branch-level environment/test diagnostics,"Descriptive effect table. Wilson intervals apply only to observed binomial counts; no semantic, causal, survival or model-ranking promotion."
H28,t0 process,canonical t0 official report coverage,24,60,0.4,0.285695,0.526339,Wilson 95%,rate,observability,t0_outcome_process,False,"24 of 60 canonical branch rows have an observed official report; remaining rows are missing, not failed","Descriptive effect table. Wilson intervals apply only to observed binomial counts; no semantic, causal, survival or model-ranking promotion."
H29,t0 process,active supplemental independent-test pass,8,8,1.0,0.675592,1.0,Wilson 95%,rate,supplemental_observed,t0_outcome_process,False,provider-free exact-image supplemental batch; excluded from canonical denominator,"Descriptive effect table. Wilson intervals apply only to observed binomial counts; no semantic, causal, survival or model-ranking promotion."
H30,t0 process,active supplemental static semantic-screen pass,7,8,0.875,0.529112,0.977583,Wilson 95%,rate,supplemental_diagnostic,t0_outcome_process,False,static issue-contract screen only; human semantic adjudication remains pending,"Descriptive effect table. Wilson intervals apply only to observed binomial counts; no semantic, causal, survival or model-ranking promotion."
H31,t0 supplement,expanded t0 human resolution,10,14,0.7142857142857143,0.453509,0.882786,Wilson 95%,rate,historical_rebound_supplement,t0_expanded_official,False,14-pair descriptive ledger with exact-image and alternate-image provenance kept separate,"Descriptive effect table. Wilson intervals apply only to observed binomial counts; no semantic, causal, survival or model-ranking promotion."
H32,t0 supplement,expanded t0 agent resolution,4,14,0.2857142857142857,0.117214,0.546491,Wilson 95%,rate,historical_rebound_supplement,t0_expanded_official,False,same expanded ledger; not a current model ranking,"Descriptive effect table. Wilson intervals apply only to observed binomial counts; no semantic, causal, survival or model-ranking promotion."
H33,t0 supplement,expanded human-minus-agent resolution gap,0.428571,1,0.428571,,,,rate_difference,historical_rebound_supplement,t0_expanded_uncertainty,False,"2,500 task-resampling repetitions; source lineage mismatch is explicit","Descriptive effect table. Wilson intervals apply only to observed binomial counts; no semantic, causal, survival or model-ranking promotion."
H34,t0 diagnostic,pinned Python 3.13 patch/build reached,56,60,0.9333333333333333,0.840746,0.973771,Wilson 95%,rate,diagnostic,t0_strengthened_py313,False,56/60 branches reached patch/build under the pinned dependency environment,"Descriptive effect table. Wilson intervals apply only to observed binomial counts; no semantic, causal, survival or model-ranking promotion."
H35,t0 diagnostic,pinned Python 3.13 F2P pass,0,60,0.0,0.0,0.060172,Wilson 95%,rate,diagnostic,t0_strengthened_py313,False,no F2P pass was observed; failures remain classified by runner/status,"Descriptive effect table. Wilson intervals apply only to observed binomial counts; no semantic, causal, survival or model-ranking promotion."
H36,t0 diagnostic,pinned Python 3.13 P2P pass,0,60,0.0,0.0,0.060172,Wilson 95%,rate,diagnostic,t0_strengthened_py313,False,no P2P pass was observed; failures remain classified by runner/status,"Descriptive effect table. Wilson intervals apply only to observed binomial counts; no semantic, causal, survival or model-ranking promotion."
H37,t0 diagnostic,pinned Python 3.13 environment/import failure,48,60,0.8,0.682182,0.881715,Wilson 95%,rate,environment_status,t0_strengthened_py313,False,"runner/dependency status, not patch semantic failure","Descriptive effect table. Wilson intervals apply only to observed binomial counts; no semantic, causal, survival or model-ranking promotion."
H38,t0 diagnostic,pinned Python 3.13 official-test failure,8,60,0.13333333333333333,0.069141,0.241652,Wilson 95%,rate,diagnostic,t0_strengthened_py313,False,official test process failure after patch/build; semantic adjudication remains absent,"Descriptive effect table. Wilson intervals apply only to observed binomial counts; no semantic, causal, survival or model-ranking promotion."
H39,t0 diagnostic,pinned Python 3.13 base archive failure,4,60,0.06666666666666667,0.026229,0.159254,Wilson 95%,rate,environment_status,t0_strengthened_py313,False,"base archive/setup failure, excluded from patch-quality interpretation","Descriptive effect table. Wilson intervals apply only to observed binomial counts; no semantic, causal, survival or model-ranking promotion."
P01,SOTA Pro/Luna supplement,one-shot FileHit@1,1,12,0.08333333333333333,0.014865,0.35388,Wilson 95%,rate,historical_provider_or_archival,sota_pro_luna,False,actual historical PinAI Luna call; selected SOTA-failure subset,"Descriptive effect table. Wilson intervals apply only to observed binomial counts; no semantic, causal, survival or model-ranking promotion."
P02,SOTA Pro/Luna supplement,tool-search FileHit@1,1,12,0.08333333333333333,0.014865,0.35388,Wilson 95%,rate,historical_provider_or_archival,sota_pro_luna,False,actual historical PinAI Luna call; selected SOTA-failure subset,"Descriptive effect table. Wilson intervals apply only to observed binomial counts; no semantic, causal, survival or model-ranking promotion."
P03,SOTA Pro/Luna supplement,both methods fail,10,12,0.8333333333333334,0.551969,0.953035,Wilson 95%,rate,historical_provider_or_archival,sota_pro_luna,False,paired failure pattern on the 12-case probe,"Descriptive effect table. Wilson intervals apply only to observed binomial counts; no semantic, causal, survival or model-ranking promotion."
P04,SOTA Pro/Luna supplement,Luna localization Acc@1,24,49,0.4897959183673469,0.355751,0.625324,Wilson 95%,rate,historical_provider_or_archival,sota_pro_luna,False,same-ID Pro failure-intersection localization; not patch correctness,"Descriptive effect table. Wilson intervals apply only to observed binomial counts; no semantic, causal, survival or model-ranking promotion."
P05,SOTA Pro/Luna supplement,Luna localization Acc@3,27,49,0.5510204081632653,0.413151,0.681472,Wilson 95%,rate,historical_provider_or_archival,sota_pro_luna,False,same-ID Pro failure-intersection localization; not patch correctness,"Descriptive effect table. Wilson intervals apply only to observed binomial counts; no semantic, causal, survival or model-ranking promotion."
P06,SOTA Pro/Luna supplement,patch generated,7,8,0.875,0.529112,0.977583,Wilson 95%,rate,historical_provider_or_archival,sota_pro_luna,False,selected 8-task direct patch smoke,"Descriptive effect table. Wilson intervals apply only to observed binomial counts; no semantic, causal, survival or model-ranking promotion."
P07,SOTA Pro/Luna supplement,patch apply check,1,8,0.125,0.022417,0.470888,Wilson 95%,rate,historical_provider_or_archival,sota_pro_luna,False,selected 8-task direct patch smoke,"Descriptive effect table. Wilson intervals apply only to observed binomial counts; no semantic, causal, survival or model-ranking promotion."
P08,SOTA Pro/Luna supplement,pooled patch apply check,1,20,0.05,0.008881,0.236131,Wilson 95%,rate,historical_provider_or_archival,sota_pro_luna,False,20-task patch smoke; local diagnostic only,"Descriptive effect table. Wilson intervals apply only to observed binomial counts; no semantic, causal, survival or model-ranking promotion."
P09,SOTA Pro/Luna supplement,official Pro log rows,1290,1290,1.0,0.997031,1.0,Wilson 95%,rate,historical_provider_or_archival,sota_pro_luna,False,150 tasks x 2 models x 3 interventions x 2 phases,"Descriptive effect table. Wilson intervals apply only to observed binomial counts; no semantic, causal, survival or model-ranking promotion."
P10,SOTA Pro/Luna supplement,historical SOTA exact task overlap with Pro260,0,260,0.0,0.0,0.01456,Wilson 95%,rate,historical_provider_or_archival,sota_pro_luna,False,overlap audit; no same-task performance comparison,"Descriptive effect table. Wilson intervals apply only to observed binomial counts; no semantic, causal, survival or model-ranking promotion."
P11,SOTA Pro/Luna supplement,luna_one_shot benchmark_success_unresolved,37,260,0.142308,0.105039,0.189992,Wilson 95%,rate,historical_provider_or_archival,sota_pro_luna,False,archival Pro-Python260 process/outcome proxy; not semantic or current official capability,"Descriptive effect table. Wilson intervals apply only to observed binomial counts; no semantic, causal, survival or model-ranking promotion."
P12,SOTA Pro/Luna supplement,luna_tool_search benchmark_success_unresolved,69,260,0.265385,0.215414,0.322188,Wilson 95%,rate,historical_provider_or_archival,sota_pro_luna,False,archival Pro-Python260 process/outcome proxy; not semantic or current official capability,"Descriptive effect table. Wilson intervals apply only to observed binomial counts; no semantic, causal, survival or model-ranking promotion."
P13,SOTA Pro/Luna supplement,luna_one_shot right_for_wrong_reasons_candidate,19,260,0.073077,0.047279,0.111306,Wilson 95%,rate,historical_provider_or_archival,sota_pro_luna,False,archival Pro-Python260 process/outcome proxy; not semantic or current official capability,"Descriptive effect table. Wilson intervals apply only to observed binomial counts; no semantic, causal, survival or model-ranking promotion."
P14,SOTA Pro/Luna supplement,luna_tool_search right_for_wrong_reasons_candidate,12,260,0.046154,0.026596,0.078927,Wilson 95%,rate,historical_provider_or_archival,sota_pro_luna,False,archival Pro-Python260 process/outcome proxy; not semantic or current official capability,"Descriptive effect table. Wilson intervals apply only to observed binomial counts; no semantic, causal, survival or model-ranking promotion."
P15,SOTA Pro/Luna supplement,full_v5 FileHit@1,18,52,0.3462,0.23151,0.481964,Wilson 95%,rate,historical_provider_or_archival,sota_pro_luna,False,same-Luna 60-case process ablation; localization proxy only,"Descriptive effect table. Wilson intervals apply only to observed binomial counts; no semantic, causal, survival or model-ranking promotion."
P16,SOTA Pro/Luna supplement,no_detour FileHit@1,16,48,0.3333,0.216768,0.474599,Wilson 95%,rate,historical_provider_or_archival,sota_pro_luna,False,same-Luna 60-case process ablation; localization proxy only,"Descriptive effect table. Wilson intervals apply only to observed binomial counts; no semantic, causal, survival or model-ranking promotion."
P17,SOTA Pro/Luna supplement,no_path_verifier FileHit@1,17,56,0.3036,0.199003,0.433359,Wilson 95%,rate,historical_provider_or_archival,sota_pro_luna,False,same-Luna 60-case process ablation; localization proxy only,"Descriptive effect table. Wilson intervals apply only to observed binomial counts; no semantic, causal, survival or model-ranking promotion."
SOTA-20250113_OrcaLoca-d0,SOTA proxy,patch apply rate,30,30,1.0,0.886487,1.0,Wilson 95%,rate,apply_only_proxy,sota_compatibility,False,apply-only historical compatibility proxy; no future test or behavior result,"Descriptive effect table. Wilson intervals apply only to observed binomial counts; no semantic, causal, survival or model-ranking promotion."
SOTA-20250113_OrcaLoca-d7,SOTA proxy,patch apply rate,15,30,0.5,0.331541,0.668459,Wilson 95%,rate,apply_only_proxy,sota_compatibility,False,apply-only historical compatibility proxy; no future test or behavior result,"Descriptive effect table. Wilson intervals apply only to observed binomial counts; no semantic, causal, survival or model-ranking promotion."
SOTA-20250113_OrcaLoca-d30,SOTA proxy,patch apply rate,11,30,0.36666666666666664,0.218739,0.544864,Wilson 95%,rate,apply_only_proxy,sota_compatibility,False,apply-only historical compatibility proxy; no future test or behavior result,"Descriptive effect table. Wilson intervals apply only to observed binomial counts; no semantic, causal, survival or model-ranking promotion."
SOTA-20250113_OrcaLoca-d90,SOTA proxy,patch apply rate,10,30,0.3333333333333333,0.192305,0.512199,Wilson 95%,rate,apply_only_proxy,sota_compatibility,False,apply-only historical compatibility proxy; no future test or behavior result,"Descriptive effect table. Wilson intervals apply only to observed binomial counts; no semantic, causal, survival or model-ranking promotion."
SOTA-20250113_OrcaLoca-d180,SOTA proxy,patch apply rate,10,30,0.3333333333333333,0.192305,0.512199,Wilson 95%,rate,apply_only_proxy,sota_compatibility,False,apply-only historical compatibility proxy; no future test or behavior result,"Descriptive effect table. Wilson intervals apply only to observed binomial counts; no semantic, causal, survival or model-ranking promotion."
SOTA-20250113_OrcaLoca-d365,SOTA proxy,patch apply rate,5,30,0.16666666666666666,0.073365,0.335644,Wilson 95%,rate,apply_only_proxy,sota_compatibility,False,apply-only historical compatibility proxy; no future test or behavior result,"Descriptive effect table. Wilson intervals apply only to observed binomial counts; no semantic, causal, survival or model-ranking promotion."
SOTA-20250310_codefuse-cgm-d0,SOTA proxy,patch apply rate,0,30,0.0,0.0,0.113513,Wilson 95%,rate,apply_only_proxy,sota_compatibility,False,apply-only historical compatibility proxy; no future test or behavior result,"Descriptive effect table. Wilson intervals apply only to observed binomial counts; no semantic, causal, survival or model-ranking promotion."
SOTA-20250310_codefuse-cgm-d7,SOTA proxy,patch apply rate,0,30,0.0,0.0,0.113513,Wilson 95%,rate,apply_only_proxy,sota_compatibility,False,apply-only historical compatibility proxy; no future test or behavior result,"Descriptive effect table. Wilson intervals apply only to observed binomial counts; no semantic, causal, survival or model-ranking promotion."
SOTA-20250310_codefuse-cgm-d30,SOTA proxy,patch apply rate,0,30,0.0,0.0,0.113513,Wilson 95%,rate,apply_only_proxy,sota_compatibility,False,apply-only historical compatibility proxy; no future test or behavior result,"Descriptive effect table. Wilson intervals apply only to observed binomial counts; no semantic, causal, survival or model-ranking promotion."
SOTA-20250310_codefuse-cgm-d90,SOTA proxy,patch apply rate,0,30,0.0,0.0,0.113513,Wilson 95%,rate,apply_only_proxy,sota_compatibility,False,apply-only historical compatibility proxy; no future test or behavior result,"Descriptive effect table. Wilson intervals apply only to observed binomial counts; no semantic, causal, survival or model-ranking promotion."
SOTA-20250310_codefuse-cgm-d180,SOTA proxy,patch apply rate,0,30,0.0,0.0,0.113513,Wilson 95%,rate,apply_only_proxy,sota_compatibility,False,apply-only historical compatibility proxy; no future test or behavior result,"Descriptive effect table. Wilson intervals apply only to observed binomial counts; no semantic, causal, survival or model-ranking promotion."
SOTA-20250310_codefuse-cgm-d365,SOTA proxy,patch apply rate,0,30,0.0,0.0,0.113513,Wilson 95%,rate,apply_only_proxy,sota_compatibility,False,apply-only historical compatibility proxy; no future test or behavior result,"Descriptive effect table. Wilson intervals apply only to observed binomial counts; no semantic, causal, survival or model-ranking promotion."
SOTA-20250609_KGCompass_deepseek-v3-d0,SOTA proxy,patch apply rate,30,30,1.0,0.886487,1.0,Wilson 95%,rate,apply_only_proxy,sota_compatibility,False,apply-only historical compatibility proxy; no future test or behavior result,"Descriptive effect table. Wilson intervals apply only to observed binomial counts; no semantic, causal, survival or model-ranking promotion."
SOTA-20250609_KGCompass_deepseek-v3-d7,SOTA proxy,patch apply rate,21,30,0.7,0.521242,0.833353,Wilson 95%,rate,apply_only_proxy,sota_compatibility,False,apply-only historical compatibility proxy; no future test or behavior result,"Descriptive effect table. Wilson intervals apply only to observed binomial counts; no semantic, causal, survival or model-ranking promotion."
SOTA-20250609_KGCompass_deepseek-v3-d30,SOTA proxy,patch apply rate,19,30,0.6333333333333333,0.455136,0.781261,Wilson 95%,rate,apply_only_proxy,sota_compatibility,False,apply-only historical compatibility proxy; no future test or behavior result,"Descriptive effect table. Wilson intervals apply only to observed binomial counts; no semantic, causal, survival or model-ranking promotion."
SOTA-20250609_KGCompass_deepseek-v3-d90,SOTA proxy,patch apply rate,17,30,0.5666666666666667,0.391973,0.726225,Wilson 95%,rate,apply_only_proxy,sota_compatibility,False,apply-only historical compatibility proxy; no future test or behavior result,"Descriptive effect table. Wilson intervals apply only to observed binomial counts; no semantic, causal, survival or model-ranking promotion."
SOTA-20250609_KGCompass_deepseek-v3-d180,SOTA proxy,patch apply rate,15,30,0.5,0.331541,0.668459,Wilson 95%,rate,apply_only_proxy,sota_compatibility,False,apply-only historical compatibility proxy; no future test or behavior result,"Descriptive effect table. Wilson intervals apply only to observed binomial counts; no semantic, causal, survival or model-ranking promotion."
SOTA-20250609_KGCompass_deepseek-v3-d365,SOTA proxy,patch apply rate,9,30,0.3,0.166647,0.478758,Wilson 95%,rate,apply_only_proxy,sota_compatibility,False,apply-only historical compatibility proxy; no future test or behavior result,"Descriptive effect table. Wilson intervals apply only to observed binomial counts; no semantic, causal, survival or model-ranking promotion."
SOTA-20250613_ExpeRepair-v1.0-d0,SOTA proxy,patch apply rate,30,30,1.0,0.886487,1.0,Wilson 95%,rate,apply_only_proxy,sota_compatibility,False,apply-only historical compatibility proxy; no future test or behavior result,"Descriptive effect table. Wilson intervals apply only to observed binomial counts; no semantic, causal, survival or model-ranking promotion."
SOTA-20250613_ExpeRepair-v1.0-d7,SOTA proxy,patch apply rate,13,30,0.43333333333333335,0.273775,0.608027,Wilson 95%,rate,apply_only_proxy,sota_compatibility,False,apply-only historical compatibility proxy; no future test or behavior result,"Descriptive effect table. Wilson intervals apply only to observed binomial counts; no semantic, causal, survival or model-ranking promotion."
SOTA-20250613_ExpeRepair-v1.0-d30,SOTA proxy,patch apply rate,9,30,0.3,0.166647,0.478758,Wilson 95%,rate,apply_only_proxy,sota_compatibility,False,apply-only historical compatibility proxy; no future test or behavior result,"Descriptive effect table. Wilson intervals apply only to observed binomial counts; no semantic, causal, survival or model-ranking promotion."
SOTA-20250613_ExpeRepair-v1.0-d90,SOTA proxy,patch apply rate,8,30,0.26666666666666666,0.141827,0.44448,Wilson 95%,rate,apply_only_proxy,sota_compatibility,False,apply-only historical compatibility proxy; no future test or behavior result,"Descriptive effect table. Wilson intervals apply only to observed binomial counts; no semantic, causal, survival or model-ranking promotion."
SOTA-20250613_ExpeRepair-v1.0-d180,SOTA proxy,patch apply rate,8,30,0.26666666666666666,0.141827,0.44448,Wilson 95%,rate,apply_only_proxy,sota_compatibility,False,apply-only historical compatibility proxy; no future test or behavior result,"Descriptive effect table. Wilson intervals apply only to observed binomial counts; no semantic, causal, survival or model-ranking promotion."
SOTA-20250613_ExpeRepair-v1.0-d365,SOTA proxy,patch apply rate,6,30,0.2,0.095051,0.373057,Wilson 95%,rate,apply_only_proxy,sota_compatibility,False,apply-only historical compatibility proxy; no future test or behavior result,"Descriptive effect table. Wilson intervals apply only to observed binomial counts; no semantic, causal, survival or model-ranking promotion."
