task_id,mechanism,event_count_across_5_checkpoints,task_event_total_across_5_checkpoints,within_task_share,claim_boundary,source_id,evidence_role
mwaskom__seaborn-2848,directly_overlapping,23,474,0.04852320675105485,"Exploratory, source-preserving RQ3 mechanism synthesis. Current replay labels preserve environment/setup proxies and textual conflict; future Git categories describe compatibility context; archived SOTA classes describe runner/artifact availability. No semantic causality or model-error label is inferred.",rq3_synthesis,diagnostic
mwaskom__seaborn-2848,independent,11,474,0.023206751054852322,"Exploratory, source-preserving RQ3 mechanism synthesis. Current replay labels preserve environment/setup proxies and textual conflict; future Git categories describe compatibility context; archived SOTA classes describe runner/artifact availability. No semantic causality or model-error label is inferred.",rq3_synthesis,diagnostic
mwaskom__seaborn-2848,infrastructure_only,115,474,0.24261603375527427,"Exploratory, source-preserving RQ3 mechanism synthesis. Current replay labels preserve environment/setup proxies and textual conflict; future Git categories describe compatibility context; archived SOTA classes describe runner/artifact availability. No semantic causality or model-error label is inferred.",rq3_synthesis,diagnostic
mwaskom__seaborn-2848,related_same_subtree,313,474,0.6603375527426161,"Exploratory, source-preserving RQ3 mechanism synthesis. Current replay labels preserve environment/setup proxies and textual conflict; future Git categories describe compatibility context; archived SOTA classes describe runner/artifact availability. No semantic causality or model-error label is inferred.",rq3_synthesis,diagnostic
mwaskom__seaborn-2848,test_only,12,474,0.02531645569620253,"Exploratory, source-preserving RQ3 mechanism synthesis. Current replay labels preserve environment/setup proxies and textual conflict; future Git categories describe compatibility context; archived SOTA classes describe runner/artifact availability. No semantic causality or model-error label is inferred.",rq3_synthesis,diagnostic
mwaskom__seaborn-3010,directly_overlapping,5,328,0.01524390243902439,"Exploratory, source-preserving RQ3 mechanism synthesis. Current replay labels preserve environment/setup proxies and textual conflict; future Git categories describe compatibility context; archived SOTA classes describe runner/artifact availability. No semantic causality or model-error label is inferred.",rq3_synthesis,diagnostic
mwaskom__seaborn-3010,independent,197,328,0.600609756097561,"Exploratory, source-preserving RQ3 mechanism synthesis. Current replay labels preserve environment/setup proxies and textual conflict; future Git categories describe compatibility context; archived SOTA classes describe runner/artifact availability. No semantic causality or model-error label is inferred.",rq3_synthesis,diagnostic
mwaskom__seaborn-3010,infrastructure_only,88,328,0.2682926829268293,"Exploratory, source-preserving RQ3 mechanism synthesis. Current replay labels preserve environment/setup proxies and textual conflict; future Git categories describe compatibility context; archived SOTA classes describe runner/artifact availability. No semantic causality or model-error label is inferred.",rq3_synthesis,diagnostic
mwaskom__seaborn-3010,related_same_subtree,24,328,0.07317073170731707,"Exploratory, source-preserving RQ3 mechanism synthesis. Current replay labels preserve environment/setup proxies and textual conflict; future Git categories describe compatibility context; archived SOTA classes describe runner/artifact availability. No semantic causality or model-error label is inferred.",rq3_synthesis,diagnostic
mwaskom__seaborn-3010,test_only,14,328,0.042682926829268296,"Exploratory, source-preserving RQ3 mechanism synthesis. Current replay labels preserve environment/setup proxies and textual conflict; future Git categories describe compatibility context; archived SOTA classes describe runner/artifact availability. No semantic causality or model-error label is inferred.",rq3_synthesis,diagnostic
mwaskom__seaborn-3190,directly_overlapping,16,250,0.064,"Exploratory, source-preserving RQ3 mechanism synthesis. Current replay labels preserve environment/setup proxies and textual conflict; future Git categories describe compatibility context; archived SOTA classes describe runner/artifact availability. No semantic causality or model-error label is inferred.",rq3_synthesis,diagnostic
mwaskom__seaborn-3190,independent,116,250,0.464,"Exploratory, source-preserving RQ3 mechanism synthesis. Current replay labels preserve environment/setup proxies and textual conflict; future Git categories describe compatibility context; archived SOTA classes describe runner/artifact availability. No semantic causality or model-error label is inferred.",rq3_synthesis,diagnostic
mwaskom__seaborn-3190,infrastructure_only,59,250,0.236,"Exploratory, source-preserving RQ3 mechanism synthesis. Current replay labels preserve environment/setup proxies and textual conflict; future Git categories describe compatibility context; archived SOTA classes describe runner/artifact availability. No semantic causality or model-error label is inferred.",rq3_synthesis,diagnostic
mwaskom__seaborn-3190,related_same_subtree,51,250,0.204,"Exploratory, source-preserving RQ3 mechanism synthesis. Current replay labels preserve environment/setup proxies and textual conflict; future Git categories describe compatibility context; archived SOTA classes describe runner/artifact availability. No semantic causality or model-error label is inferred.",rq3_synthesis,diagnostic
mwaskom__seaborn-3190,test_only,8,250,0.032,"Exploratory, source-preserving RQ3 mechanism synthesis. Current replay labels preserve environment/setup proxies and textual conflict; future Git categories describe compatibility context; archived SOTA classes describe runner/artifact availability. No semantic causality or model-error label is inferred.",rq3_synthesis,diagnostic
