task_id,repository,days_after_t0,base_commit,checkpoint_commit,future_commit_count,directly_overlapping_count,related_same_subtree_count,test_only_count,infrastructure_only_count,independent_count,history_read_error_count,first_conflict_commit,first_conflict_commit_type,replay_rows,replay_statuses,source_id,evidence_role,claim_boundary
mwaskom__seaborn-2848,mwaskom/seaborn,7,94621cef29f80282436d73e8d2c0aa76dab81273,5ccd131e2b9abf7ebe335d429fba86fea9ca28d6,17,2,14,0,1,0,0,1a27ce304d947bfdf77383ab452bd2ded812d057,related_same_subtree,2,future_textual_conflict,rq3_synthesis,diagnostic,"Exploratory, source-preserving RQ3 mechanism synthesis. Current replay labels preserve environment/setup proxies and textual conflict; future Git categories describe compatibility context; archived SOTA classes describe runner/artifact availability. No semantic causality or model-error label is inferred."
mwaskom__seaborn-2848,mwaskom/seaborn,30,94621cef29f80282436d73e8d2c0aa76dab81273,5910d6ef50196c8bd1f4ed40a5da202a39d7f62c,27,3,18,0,6,0,0,1a27ce304d947bfdf77383ab452bd2ded812d057,related_same_subtree,2,future_textual_conflict,rq3_synthesis,diagnostic,"Exploratory, source-preserving RQ3 mechanism synthesis. Current replay labels preserve environment/setup proxies and textual conflict; future Git categories describe compatibility context; archived SOTA classes describe runner/artifact availability. No semantic causality or model-error label is inferred."
mwaskom__seaborn-2848,mwaskom/seaborn,90,94621cef29f80282436d73e8d2c0aa76dab81273,0929b9aca26dea1e97a08f8ee70b807058d175ed,85,3,59,2,19,2,0,1a27ce304d947bfdf77383ab452bd2ded812d057,related_same_subtree,2,future_textual_conflict,rq3_synthesis,diagnostic,"Exploratory, source-preserving RQ3 mechanism synthesis. Current replay labels preserve environment/setup proxies and textual conflict; future Git categories describe compatibility context; archived SOTA classes describe runner/artifact availability. No semantic causality or model-error label is inferred."
mwaskom__seaborn-2848,mwaskom/seaborn,180,94621cef29f80282436d73e8d2c0aa76dab81273,22cdfb0c93f8ec78492d87edb810f10cb7f57a31,142,4,94,4,37,3,0,1a27ce304d947bfdf77383ab452bd2ded812d057,related_same_subtree,2,future_textual_conflict,rq3_synthesis,diagnostic,"Exploratory, source-preserving RQ3 mechanism synthesis. Current replay labels preserve environment/setup proxies and textual conflict; future Git categories describe compatibility context; archived SOTA classes describe runner/artifact availability. No semantic causality or model-error label is inferred."
mwaskom__seaborn-2848,mwaskom/seaborn,365,94621cef29f80282436d73e8d2c0aa76dab81273,b6737d5aec9a91bb8840cdda896a7970e1830d56,203,11,128,6,52,6,0,1a27ce304d947bfdf77383ab452bd2ded812d057,related_same_subtree,2,future_textual_conflict,rq3_synthesis,diagnostic,"Exploratory, source-preserving RQ3 mechanism synthesis. Current replay labels preserve environment/setup proxies and textual conflict; future Git categories describe compatibility context; archived SOTA classes describe runner/artifact availability. No semantic causality or model-error label is inferred."
mwaskom__seaborn-3010,mwaskom/seaborn,7,0f5a013e2cf43562deec3b879458e59a73853813,1d4bec6bfdb52a39ed465916ac93e0b5ad828cd2,8,1,0,1,3,3,0,,,2,checkpoint_replay_completed,rq3_synthesis,diagnostic,"Exploratory, source-preserving RQ3 mechanism synthesis. Current replay labels preserve environment/setup proxies and textual conflict; future Git categories describe compatibility context; archived SOTA classes describe runner/artifact availability. No semantic causality or model-error label is inferred."
mwaskom__seaborn-3010,mwaskom/seaborn,30,0f5a013e2cf43562deec3b879458e59a73853813,85c8ed632a5e9ec45b7d69d89518bb784a6e05a5,27,1,3,2,7,14,0,e644793f0ac2b1be178425f20f529121f37f29de,independent,2,future_textual_conflict,rq3_synthesis,diagnostic,"Exploratory, source-preserving RQ3 mechanism synthesis. Current replay labels preserve environment/setup proxies and textual conflict; future Git categories describe compatibility context; archived SOTA classes describe runner/artifact availability. No semantic causality or model-error label is inferred."
mwaskom__seaborn-3010,mwaskom/seaborn,90,0f5a013e2cf43562deec3b879458e59a73853813,9bd166565beea99ab2e43a0576c59efab196940b,57,1,6,2,18,30,0,e644793f0ac2b1be178425f20f529121f37f29de,independent,2,future_textual_conflict,rq3_synthesis,diagnostic,"Exploratory, source-preserving RQ3 mechanism synthesis. Current replay labels preserve environment/setup proxies and textual conflict; future Git categories describe compatibility context; archived SOTA classes describe runner/artifact availability. No semantic causality or model-error label is inferred."
mwaskom__seaborn-3010,mwaskom/seaborn,180,0f5a013e2cf43562deec3b879458e59a73853813,7231fc24f6251fbc4b4757a56af7a0622a5b12f5,91,1,7,3,25,55,0,e644793f0ac2b1be178425f20f529121f37f29de,independent,2,future_textual_conflict,rq3_synthesis,diagnostic,"Exploratory, source-preserving RQ3 mechanism synthesis. Current replay labels preserve environment/setup proxies and textual conflict; future Git categories describe compatibility context; archived SOTA classes describe runner/artifact availability. No semantic causality or model-error label is inferred."
mwaskom__seaborn-3010,mwaskom/seaborn,365,0f5a013e2cf43562deec3b879458e59a73853813,1f788201822941a3aca7fedf0bcd49d16ebc313b,145,1,8,6,35,95,0,e644793f0ac2b1be178425f20f529121f37f29de,independent,2,future_textual_conflict,rq3_synthesis,diagnostic,"Exploratory, source-preserving RQ3 mechanism synthesis. Current replay labels preserve environment/setup proxies and textual conflict; future Git categories describe compatibility context; archived SOTA classes describe runner/artifact availability. No semantic causality or model-error label is inferred."
mwaskom__seaborn-3190,mwaskom/seaborn,7,4a9e54962a29c12a8b103d75f838e0e795a6974d,9b0baf65c879889489a4cce92aef552536e571eb,10,3,2,0,2,3,0,10c3ed87a42bcaed74b115252eeb4b88ebc1597f,infrastructure_only,2,future_textual_conflict,rq3_synthesis,diagnostic,"Exploratory, source-preserving RQ3 mechanism synthesis. Current replay labels preserve environment/setup proxies and textual conflict; future Git categories describe compatibility context; archived SOTA classes describe runner/artifact availability. No semantic causality or model-error label is inferred."
mwaskom__seaborn-3190,mwaskom/seaborn,30,4a9e54962a29c12a8b103d75f838e0e795a6974d,0ebc82e8580caab55eb7af1f66220eab6654af97,17,3,6,1,3,4,0,10c3ed87a42bcaed74b115252eeb4b88ebc1597f,infrastructure_only,2,future_textual_conflict,rq3_synthesis,diagnostic,"Exploratory, source-preserving RQ3 mechanism synthesis. Current replay labels preserve environment/setup proxies and textual conflict; future Git categories describe compatibility context; archived SOTA classes describe runner/artifact availability. No semantic causality or model-error label is inferred."
mwaskom__seaborn-3190,mwaskom/seaborn,90,4a9e54962a29c12a8b103d75f838e0e795a6974d,bd480f6280007b2ae6910ce4ee689f213f7a7e10,34,3,8,1,8,14,0,10c3ed87a42bcaed74b115252eeb4b88ebc1597f,infrastructure_only,2,future_textual_conflict,rq3_synthesis,diagnostic,"Exploratory, source-preserving RQ3 mechanism synthesis. Current replay labels preserve environment/setup proxies and textual conflict; future Git categories describe compatibility context; archived SOTA classes describe runner/artifact availability. No semantic causality or model-error label is inferred."
mwaskom__seaborn-3190,mwaskom/seaborn,180,4a9e54962a29c12a8b103d75f838e0e795a6974d,7780305bae63d8be3416858ac35f6fa706bab4d6,59,3,12,2,13,29,0,10c3ed87a42bcaed74b115252eeb4b88ebc1597f,infrastructure_only,2,future_textual_conflict,rq3_synthesis,diagnostic,"Exploratory, source-preserving RQ3 mechanism synthesis. Current replay labels preserve environment/setup proxies and textual conflict; future Git categories describe compatibility context; archived SOTA classes describe runner/artifact availability. No semantic causality or model-error label is inferred."
mwaskom__seaborn-3190,mwaskom/seaborn,365,4a9e54962a29c12a8b103d75f838e0e795a6974d,45a098fd254b6b7385e708b29a556017808ecd40,130,4,23,4,33,66,0,10c3ed87a42bcaed74b115252eeb4b88ebc1597f,infrastructure_only,2,future_textual_conflict,rq3_synthesis,diagnostic,"Exploratory, source-preserving RQ3 mechanism synthesis. Current replay labels preserve environment/setup proxies and textual conflict; future Git categories describe compatibility context; archived SOTA classes describe runner/artifact availability. No semantic causality or model-error label is inferred."
