task_id,repository,branch,d7_status,d30_status,d90_status,d180_status,d365_status,completed_checkpoint_count,textual_conflict_checkpoint_count,source_unavailable_checkpoint_count,task_setup_failure_checkpoint_count,state_sequence,source_id,evidence_role,claim_boundary
astropy__astropy-12907,astropy/astropy,human,future_textual_conflict,future_textual_conflict,future_textual_conflict,future_textual_conflict,future_textual_conflict,0,5,0,0,future_textual_conflict|future_textual_conflict|future_textual_conflict|future_textual_conflict|future_textual_conflict,core_replay,primary,"Provider-free descriptive stratification of an existing 30-task, five-checkpoint F2P replay. Each checkpoint is an independently attempted bounded replay, so the rows describe checkpoint state composition and paired status agreement; they are not longitudinal survival, semantic, behavioral, adaptation, causal, or formal current-objective outcomes."
astropy__astropy-12907,astropy/astropy,OrcaLoca,future_textual_conflict,future_textual_conflict,future_textual_conflict,future_textual_conflict,future_textual_conflict,0,5,0,0,future_textual_conflict|future_textual_conflict|future_textual_conflict|future_textual_conflict|future_textual_conflict,core_replay,primary,"Provider-free descriptive stratification of an existing 30-task, five-checkpoint F2P replay. Each checkpoint is an independently attempted bounded replay, so the rows describe checkpoint state composition and paired status agreement; they are not longitudinal survival, semantic, behavioral, adaptation, causal, or formal current-objective outcomes."
astropy__astropy-14182,astropy/astropy,human,checkpoint_replay_completed,checkpoint_replay_completed,checkpoint_replay_completed,future_textual_conflict,future_textual_conflict,3,2,0,0,checkpoint_replay_completed|checkpoint_replay_completed|checkpoint_replay_completed|future_textual_conflict|future_textual_conflict,core_replay,primary,"Provider-free descriptive stratification of an existing 30-task, five-checkpoint F2P replay. Each checkpoint is an independently attempted bounded replay, so the rows describe checkpoint state composition and paired status agreement; they are not longitudinal survival, semantic, behavioral, adaptation, causal, or formal current-objective outcomes."
astropy__astropy-14182,astropy/astropy,OrcaLoca,checkpoint_replay_completed,checkpoint_replay_completed,checkpoint_replay_completed,future_textual_conflict,future_textual_conflict,3,2,0,0,checkpoint_replay_completed|checkpoint_replay_completed|checkpoint_replay_completed|future_textual_conflict|future_textual_conflict,core_replay,primary,"Provider-free descriptive stratification of an existing 30-task, five-checkpoint F2P replay. Each checkpoint is an independently attempted bounded replay, so the rows describe checkpoint state composition and paired status agreement; they are not longitudinal survival, semantic, behavioral, adaptation, causal, or formal current-objective outcomes."
astropy__astropy-14365,astropy/astropy,human,checkpoint_replay_completed,checkpoint_replay_completed,future_textual_conflict,future_textual_conflict,future_textual_conflict,2,3,0,0,checkpoint_replay_completed|checkpoint_replay_completed|future_textual_conflict|future_textual_conflict|future_textual_conflict,core_replay,primary,"Provider-free descriptive stratification of an existing 30-task, five-checkpoint F2P replay. Each checkpoint is an independently attempted bounded replay, so the rows describe checkpoint state composition and paired status agreement; they are not longitudinal survival, semantic, behavioral, adaptation, causal, or formal current-objective outcomes."
astropy__astropy-14365,astropy/astropy,OrcaLoca,checkpoint_replay_completed,checkpoint_replay_completed,future_textual_conflict,future_textual_conflict,future_textual_conflict,2,3,0,0,checkpoint_replay_completed|checkpoint_replay_completed|future_textual_conflict|future_textual_conflict|future_textual_conflict,core_replay,primary,"Provider-free descriptive stratification of an existing 30-task, five-checkpoint F2P replay. Each checkpoint is an independently attempted bounded replay, so the rows describe checkpoint state composition and paired status agreement; they are not longitudinal survival, semantic, behavioral, adaptation, causal, or formal current-objective outcomes."
astropy__astropy-14995,astropy/astropy,human,checkpoint_replay_completed,checkpoint_replay_completed,source_unavailable_during_replay,source_unavailable_during_replay,source_unavailable_during_replay,2,0,3,0,checkpoint_replay_completed|checkpoint_replay_completed|source_unavailable_during_replay|source_unavailable_during_replay|source_unavailable_during_replay,core_replay,primary,"Provider-free descriptive stratification of an existing 30-task, five-checkpoint F2P replay. Each checkpoint is an independently attempted bounded replay, so the rows describe checkpoint state composition and paired status agreement; they are not longitudinal survival, semantic, behavioral, adaptation, causal, or formal current-objective outcomes."
astropy__astropy-14995,astropy/astropy,OrcaLoca,checkpoint_replay_completed,future_textual_conflict,future_textual_conflict,future_textual_conflict,future_textual_conflict,1,4,0,0,checkpoint_replay_completed|future_textual_conflict|future_textual_conflict|future_textual_conflict|future_textual_conflict,core_replay,primary,"Provider-free descriptive stratification of an existing 30-task, five-checkpoint F2P replay. Each checkpoint is an independently attempted bounded replay, so the rows describe checkpoint state composition and paired status agreement; they are not longitudinal survival, semantic, behavioral, adaptation, causal, or formal current-objective outcomes."
matplotlib__matplotlib-22711,matplotlib/matplotlib,human,checkpoint_replay_completed,checkpoint_replay_completed,future_textual_conflict,future_textual_conflict,future_textual_conflict,2,3,0,0,checkpoint_replay_completed|checkpoint_replay_completed|future_textual_conflict|future_textual_conflict|future_textual_conflict,core_replay,primary,"Provider-free descriptive stratification of an existing 30-task, five-checkpoint F2P replay. Each checkpoint is an independently attempted bounded replay, so the rows describe checkpoint state composition and paired status agreement; they are not longitudinal survival, semantic, behavioral, adaptation, causal, or formal current-objective outcomes."
matplotlib__matplotlib-22711,matplotlib/matplotlib,OrcaLoca,checkpoint_replay_completed,checkpoint_replay_completed,future_textual_conflict,future_textual_conflict,future_textual_conflict,2,3,0,0,checkpoint_replay_completed|checkpoint_replay_completed|future_textual_conflict|future_textual_conflict|future_textual_conflict,core_replay,primary,"Provider-free descriptive stratification of an existing 30-task, five-checkpoint F2P replay. Each checkpoint is an independently attempted bounded replay, so the rows describe checkpoint state composition and paired status agreement; they are not longitudinal survival, semantic, behavioral, adaptation, causal, or formal current-objective outcomes."
matplotlib__matplotlib-23299,matplotlib/matplotlib,human,checkpoint_replay_completed,checkpoint_replay_completed,future_textual_conflict,future_textual_conflict,future_textual_conflict,2,3,0,0,checkpoint_replay_completed|checkpoint_replay_completed|future_textual_conflict|future_textual_conflict|future_textual_conflict,core_replay,primary,"Provider-free descriptive stratification of an existing 30-task, five-checkpoint F2P replay. Each checkpoint is an independently attempted bounded replay, so the rows describe checkpoint state composition and paired status agreement; they are not longitudinal survival, semantic, behavioral, adaptation, causal, or formal current-objective outcomes."
matplotlib__matplotlib-23299,matplotlib/matplotlib,OrcaLoca,checkpoint_replay_completed,checkpoint_replay_completed,future_textual_conflict,future_textual_conflict,future_textual_conflict,2,3,0,0,checkpoint_replay_completed|checkpoint_replay_completed|future_textual_conflict|future_textual_conflict|future_textual_conflict,core_replay,primary,"Provider-free descriptive stratification of an existing 30-task, five-checkpoint F2P replay. Each checkpoint is an independently attempted bounded replay, so the rows describe checkpoint state composition and paired status agreement; they are not longitudinal survival, semantic, behavioral, adaptation, causal, or formal current-objective outcomes."
matplotlib__matplotlib-23314,matplotlib/matplotlib,human,checkpoint_replay_completed,checkpoint_replay_completed,future_textual_conflict,future_textual_conflict,future_textual_conflict,2,3,0,0,checkpoint_replay_completed|checkpoint_replay_completed|future_textual_conflict|future_textual_conflict|future_textual_conflict,core_replay,primary,"Provider-free descriptive stratification of an existing 30-task, five-checkpoint F2P replay. Each checkpoint is an independently attempted bounded replay, so the rows describe checkpoint state composition and paired status agreement; they are not longitudinal survival, semantic, behavioral, adaptation, causal, or formal current-objective outcomes."
matplotlib__matplotlib-23314,matplotlib/matplotlib,OrcaLoca,checkpoint_replay_completed,checkpoint_replay_completed,future_textual_conflict,future_textual_conflict,future_textual_conflict,2,3,0,0,checkpoint_replay_completed|checkpoint_replay_completed|future_textual_conflict|future_textual_conflict|future_textual_conflict,core_replay,primary,"Provider-free descriptive stratification of an existing 30-task, five-checkpoint F2P replay. Each checkpoint is an independently attempted bounded replay, so the rows describe checkpoint state composition and paired status agreement; they are not longitudinal survival, semantic, behavioral, adaptation, causal, or formal current-objective outcomes."
matplotlib__matplotlib-23476,matplotlib/matplotlib,human,checkpoint_replay_completed,future_textual_conflict,future_textual_conflict,future_textual_conflict,future_textual_conflict,1,4,0,0,checkpoint_replay_completed|future_textual_conflict|future_textual_conflict|future_textual_conflict|future_textual_conflict,core_replay,primary,"Provider-free descriptive stratification of an existing 30-task, five-checkpoint F2P replay. Each checkpoint is an independently attempted bounded replay, so the rows describe checkpoint state composition and paired status agreement; they are not longitudinal survival, semantic, behavioral, adaptation, causal, or formal current-objective outcomes."
matplotlib__matplotlib-23476,matplotlib/matplotlib,OrcaLoca,checkpoint_replay_completed,future_textual_conflict,future_textual_conflict,future_textual_conflict,future_textual_conflict,1,4,0,0,checkpoint_replay_completed|future_textual_conflict|future_textual_conflict|future_textual_conflict|future_textual_conflict,core_replay,primary,"Provider-free descriptive stratification of an existing 30-task, five-checkpoint F2P replay. Each checkpoint is an independently attempted bounded replay, so the rows describe checkpoint state composition and paired status agreement; they are not longitudinal survival, semantic, behavioral, adaptation, causal, or formal current-objective outcomes."
matplotlib__matplotlib-23562,matplotlib/matplotlib,human,checkpoint_replay_completed,future_textual_conflict,future_textual_conflict,future_textual_conflict,future_textual_conflict,1,4,0,0,checkpoint_replay_completed|future_textual_conflict|future_textual_conflict|future_textual_conflict|future_textual_conflict,core_replay,primary,"Provider-free descriptive stratification of an existing 30-task, five-checkpoint F2P replay. Each checkpoint is an independently attempted bounded replay, so the rows describe checkpoint state composition and paired status agreement; they are not longitudinal survival, semantic, behavioral, adaptation, causal, or formal current-objective outcomes."
matplotlib__matplotlib-23562,matplotlib/matplotlib,OrcaLoca,checkpoint_replay_completed,future_textual_conflict,future_textual_conflict,future_textual_conflict,future_textual_conflict,1,4,0,0,checkpoint_replay_completed|future_textual_conflict|future_textual_conflict|future_textual_conflict|future_textual_conflict,core_replay,primary,"Provider-free descriptive stratification of an existing 30-task, five-checkpoint F2P replay. Each checkpoint is an independently attempted bounded replay, so the rows describe checkpoint state composition and paired status agreement; they are not longitudinal survival, semantic, behavioral, adaptation, causal, or formal current-objective outcomes."
mwaskom__seaborn-2848,mwaskom/seaborn,human,future_textual_conflict,future_textual_conflict,future_textual_conflict,future_textual_conflict,future_textual_conflict,0,5,0,0,future_textual_conflict|future_textual_conflict|future_textual_conflict|future_textual_conflict|future_textual_conflict,core_replay,primary,"Provider-free descriptive stratification of an existing 30-task, five-checkpoint F2P replay. Each checkpoint is an independently attempted bounded replay, so the rows describe checkpoint state composition and paired status agreement; they are not longitudinal survival, semantic, behavioral, adaptation, causal, or formal current-objective outcomes."
mwaskom__seaborn-2848,mwaskom/seaborn,OrcaLoca,future_textual_conflict,future_textual_conflict,future_textual_conflict,future_textual_conflict,future_textual_conflict,0,5,0,0,future_textual_conflict|future_textual_conflict|future_textual_conflict|future_textual_conflict|future_textual_conflict,core_replay,primary,"Provider-free descriptive stratification of an existing 30-task, five-checkpoint F2P replay. Each checkpoint is an independently attempted bounded replay, so the rows describe checkpoint state composition and paired status agreement; they are not longitudinal survival, semantic, behavioral, adaptation, causal, or formal current-objective outcomes."
mwaskom__seaborn-3010,mwaskom/seaborn,human,checkpoint_replay_completed,future_textual_conflict,future_textual_conflict,future_textual_conflict,future_textual_conflict,1,4,0,0,checkpoint_replay_completed|future_textual_conflict|future_textual_conflict|future_textual_conflict|future_textual_conflict,core_replay,primary,"Provider-free descriptive stratification of an existing 30-task, five-checkpoint F2P replay. Each checkpoint is an independently attempted bounded replay, so the rows describe checkpoint state composition and paired status agreement; they are not longitudinal survival, semantic, behavioral, adaptation, causal, or formal current-objective outcomes."
mwaskom__seaborn-3010,mwaskom/seaborn,OrcaLoca,checkpoint_replay_completed,future_textual_conflict,future_textual_conflict,future_textual_conflict,future_textual_conflict,1,4,0,0,checkpoint_replay_completed|future_textual_conflict|future_textual_conflict|future_textual_conflict|future_textual_conflict,core_replay,primary,"Provider-free descriptive stratification of an existing 30-task, five-checkpoint F2P replay. Each checkpoint is an independently attempted bounded replay, so the rows describe checkpoint state composition and paired status agreement; they are not longitudinal survival, semantic, behavioral, adaptation, causal, or formal current-objective outcomes."
mwaskom__seaborn-3190,mwaskom/seaborn,human,future_textual_conflict,future_textual_conflict,future_textual_conflict,future_textual_conflict,future_textual_conflict,0,5,0,0,future_textual_conflict|future_textual_conflict|future_textual_conflict|future_textual_conflict|future_textual_conflict,core_replay,primary,"Provider-free descriptive stratification of an existing 30-task, five-checkpoint F2P replay. Each checkpoint is an independently attempted bounded replay, so the rows describe checkpoint state composition and paired status agreement; they are not longitudinal survival, semantic, behavioral, adaptation, causal, or formal current-objective outcomes."
mwaskom__seaborn-3190,mwaskom/seaborn,OrcaLoca,future_textual_conflict,future_textual_conflict,future_textual_conflict,future_textual_conflict,future_textual_conflict,0,5,0,0,future_textual_conflict|future_textual_conflict|future_textual_conflict|future_textual_conflict|future_textual_conflict,core_replay,primary,"Provider-free descriptive stratification of an existing 30-task, five-checkpoint F2P replay. Each checkpoint is an independently attempted bounded replay, so the rows describe checkpoint state composition and paired status agreement; they are not longitudinal survival, semantic, behavioral, adaptation, causal, or formal current-objective outcomes."
mwaskom__seaborn-3407,mwaskom/seaborn,human,checkpoint_replay_completed,checkpoint_replay_completed,checkpoint_replay_completed,checkpoint_replay_completed,checkpoint_replay_completed,5,0,0,0,checkpoint_replay_completed|checkpoint_replay_completed|checkpoint_replay_completed|checkpoint_replay_completed|checkpoint_replay_completed,core_replay,primary,"Provider-free descriptive stratification of an existing 30-task, five-checkpoint F2P replay. Each checkpoint is an independently attempted bounded replay, so the rows describe checkpoint state composition and paired status agreement; they are not longitudinal survival, semantic, behavioral, adaptation, causal, or formal current-objective outcomes."
mwaskom__seaborn-3407,mwaskom/seaborn,OrcaLoca,checkpoint_replay_completed,checkpoint_replay_completed,checkpoint_replay_completed,checkpoint_replay_completed,checkpoint_replay_completed,5,0,0,0,checkpoint_replay_completed|checkpoint_replay_completed|checkpoint_replay_completed|checkpoint_replay_completed|checkpoint_replay_completed,core_replay,primary,"Provider-free descriptive stratification of an existing 30-task, five-checkpoint F2P replay. Each checkpoint is an independently attempted bounded replay, so the rows describe checkpoint state composition and paired status agreement; they are not longitudinal survival, semantic, behavioral, adaptation, causal, or formal current-objective outcomes."
pallets__flask-4045,pallets/flask,human,future_textual_conflict,future_textual_conflict,future_textual_conflict,future_textual_conflict,future_textual_conflict,0,5,0,0,future_textual_conflict|future_textual_conflict|future_textual_conflict|future_textual_conflict|future_textual_conflict,core_replay,primary,"Provider-free descriptive stratification of an existing 30-task, five-checkpoint F2P replay. Each checkpoint is an independently attempted bounded replay, so the rows describe checkpoint state composition and paired status agreement; they are not longitudinal survival, semantic, behavioral, adaptation, causal, or formal current-objective outcomes."
pallets__flask-4045,pallets/flask,OrcaLoca,future_textual_conflict,future_textual_conflict,future_textual_conflict,future_textual_conflict,future_textual_conflict,0,5,0,0,future_textual_conflict|future_textual_conflict|future_textual_conflict|future_textual_conflict|future_textual_conflict,core_replay,primary,"Provider-free descriptive stratification of an existing 30-task, five-checkpoint F2P replay. Each checkpoint is an independently attempted bounded replay, so the rows describe checkpoint state composition and paired status agreement; they are not longitudinal survival, semantic, behavioral, adaptation, causal, or formal current-objective outcomes."
pallets__flask-5063,pallets/flask,human,future_textual_conflict,future_textual_conflict,future_textual_conflict,future_textual_conflict,future_textual_conflict,0,5,0,0,future_textual_conflict|future_textual_conflict|future_textual_conflict|future_textual_conflict|future_textual_conflict,core_replay,primary,"Provider-free descriptive stratification of an existing 30-task, five-checkpoint F2P replay. Each checkpoint is an independently attempted bounded replay, so the rows describe checkpoint state composition and paired status agreement; they are not longitudinal survival, semantic, behavioral, adaptation, causal, or formal current-objective outcomes."
pallets__flask-5063,pallets/flask,OrcaLoca,future_textual_conflict,future_textual_conflict,future_textual_conflict,future_textual_conflict,future_textual_conflict,0,5,0,0,future_textual_conflict|future_textual_conflict|future_textual_conflict|future_textual_conflict|future_textual_conflict,core_replay,primary,"Provider-free descriptive stratification of an existing 30-task, five-checkpoint F2P replay. Each checkpoint is an independently attempted bounded replay, so the rows describe checkpoint state composition and paired status agreement; they are not longitudinal survival, semantic, behavioral, adaptation, causal, or formal current-objective outcomes."
pylint-dev__pylint-6506,pylint-dev/pylint,human,task_setup_failure,task_setup_failure,task_setup_failure,task_setup_failure,task_setup_failure,0,0,0,5,task_setup_failure|task_setup_failure|task_setup_failure|task_setup_failure|task_setup_failure,core_replay,primary,"Provider-free descriptive stratification of an existing 30-task, five-checkpoint F2P replay. Each checkpoint is an independently attempted bounded replay, so the rows describe checkpoint state composition and paired status agreement; they are not longitudinal survival, semantic, behavioral, adaptation, causal, or formal current-objective outcomes."
pylint-dev__pylint-6506,pylint-dev/pylint,OrcaLoca,task_setup_failure,task_setup_failure,task_setup_failure,task_setup_failure,task_setup_failure,0,0,0,5,task_setup_failure|task_setup_failure|task_setup_failure|task_setup_failure|task_setup_failure,core_replay,primary,"Provider-free descriptive stratification of an existing 30-task, five-checkpoint F2P replay. Each checkpoint is an independently attempted bounded replay, so the rows describe checkpoint state composition and paired status agreement; they are not longitudinal survival, semantic, behavioral, adaptation, causal, or formal current-objective outcomes."
pylint-dev__pylint-7080,pylint-dev/pylint,human,task_setup_failure,task_setup_failure,task_setup_failure,task_setup_failure,task_setup_failure,0,0,0,5,task_setup_failure|task_setup_failure|task_setup_failure|task_setup_failure|task_setup_failure,core_replay,primary,"Provider-free descriptive stratification of an existing 30-task, five-checkpoint F2P replay. Each checkpoint is an independently attempted bounded replay, so the rows describe checkpoint state composition and paired status agreement; they are not longitudinal survival, semantic, behavioral, adaptation, causal, or formal current-objective outcomes."
pylint-dev__pylint-7080,pylint-dev/pylint,OrcaLoca,task_setup_failure,task_setup_failure,task_setup_failure,task_setup_failure,task_setup_failure,0,0,0,5,task_setup_failure|task_setup_failure|task_setup_failure|task_setup_failure|task_setup_failure,core_replay,primary,"Provider-free descriptive stratification of an existing 30-task, five-checkpoint F2P replay. Each checkpoint is an independently attempted bounded replay, so the rows describe checkpoint state composition and paired status agreement; they are not longitudinal survival, semantic, behavioral, adaptation, causal, or formal current-objective outcomes."
pylint-dev__pylint-7228,pylint-dev/pylint,human,source_unavailable_during_replay,source_unavailable_during_replay,source_unavailable_during_replay,source_unavailable_during_replay,source_unavailable_during_replay,0,0,5,0,source_unavailable_during_replay|source_unavailable_during_replay|source_unavailable_during_replay|source_unavailable_during_replay|source_unavailable_during_replay,core_replay,primary,"Provider-free descriptive stratification of an existing 30-task, five-checkpoint F2P replay. Each checkpoint is an independently attempted bounded replay, so the rows describe checkpoint state composition and paired status agreement; they are not longitudinal survival, semantic, behavioral, adaptation, causal, or formal current-objective outcomes."
pylint-dev__pylint-7228,pylint-dev/pylint,OrcaLoca,source_unavailable_during_replay,source_unavailable_during_replay,source_unavailable_during_replay,source_unavailable_during_replay,source_unavailable_during_replay,0,0,5,0,source_unavailable_during_replay|source_unavailable_during_replay|source_unavailable_during_replay|source_unavailable_during_replay|source_unavailable_during_replay,core_replay,primary,"Provider-free descriptive stratification of an existing 30-task, five-checkpoint F2P replay. Each checkpoint is an independently attempted bounded replay, so the rows describe checkpoint state composition and paired status agreement; they are not longitudinal survival, semantic, behavioral, adaptation, causal, or formal current-objective outcomes."
pytest-dev__pytest-5221,pytest-dev/pytest,human,source_unavailable_during_replay,source_unavailable_during_replay,source_unavailable_during_replay,source_unavailable_during_replay,source_unavailable_during_replay,0,0,5,0,source_unavailable_during_replay|source_unavailable_during_replay|source_unavailable_during_replay|source_unavailable_during_replay|source_unavailable_during_replay,core_replay,primary,"Provider-free descriptive stratification of an existing 30-task, five-checkpoint F2P replay. Each checkpoint is an independently attempted bounded replay, so the rows describe checkpoint state composition and paired status agreement; they are not longitudinal survival, semantic, behavioral, adaptation, causal, or formal current-objective outcomes."
pytest-dev__pytest-5221,pytest-dev/pytest,OrcaLoca,source_unavailable_during_replay,source_unavailable_during_replay,source_unavailable_during_replay,source_unavailable_during_replay,source_unavailable_during_replay,0,0,5,0,source_unavailable_during_replay|source_unavailable_during_replay|source_unavailable_during_replay|source_unavailable_during_replay|source_unavailable_during_replay,core_replay,primary,"Provider-free descriptive stratification of an existing 30-task, five-checkpoint F2P replay. Each checkpoint is an independently attempted bounded replay, so the rows describe checkpoint state composition and paired status agreement; they are not longitudinal survival, semantic, behavioral, adaptation, causal, or formal current-objective outcomes."
pytest-dev__pytest-5227,pytest-dev/pytest,human,source_unavailable_during_replay,source_unavailable_during_replay,source_unavailable_during_replay,source_unavailable_during_replay,source_unavailable_during_replay,0,0,5,0,source_unavailable_during_replay|source_unavailable_during_replay|source_unavailable_during_replay|source_unavailable_during_replay|source_unavailable_during_replay,core_replay,primary,"Provider-free descriptive stratification of an existing 30-task, five-checkpoint F2P replay. Each checkpoint is an independently attempted bounded replay, so the rows describe checkpoint state composition and paired status agreement; they are not longitudinal survival, semantic, behavioral, adaptation, causal, or formal current-objective outcomes."
pytest-dev__pytest-5227,pytest-dev/pytest,OrcaLoca,source_unavailable_during_replay,source_unavailable_during_replay,source_unavailable_during_replay,source_unavailable_during_replay,source_unavailable_during_replay,0,0,5,0,source_unavailable_during_replay|source_unavailable_during_replay|source_unavailable_during_replay|source_unavailable_during_replay|source_unavailable_during_replay,core_replay,primary,"Provider-free descriptive stratification of an existing 30-task, five-checkpoint F2P replay. Each checkpoint is an independently attempted bounded replay, so the rows describe checkpoint state composition and paired status agreement; they are not longitudinal survival, semantic, behavioral, adaptation, causal, or formal current-objective outcomes."
scikit-learn__scikit-learn-10297,scikit-learn/scikit-learn,human,checkpoint_replay_completed,future_textual_conflict,future_textual_conflict,future_textual_conflict,future_textual_conflict,1,4,0,0,checkpoint_replay_completed|future_textual_conflict|future_textual_conflict|future_textual_conflict|future_textual_conflict,core_replay,primary,"Provider-free descriptive stratification of an existing 30-task, five-checkpoint F2P replay. Each checkpoint is an independently attempted bounded replay, so the rows describe checkpoint state composition and paired status agreement; they are not longitudinal survival, semantic, behavioral, adaptation, causal, or formal current-objective outcomes."
scikit-learn__scikit-learn-10297,scikit-learn/scikit-learn,OrcaLoca,checkpoint_replay_completed,future_textual_conflict,future_textual_conflict,future_textual_conflict,future_textual_conflict,1,4,0,0,checkpoint_replay_completed|future_textual_conflict|future_textual_conflict|future_textual_conflict|future_textual_conflict,core_replay,primary,"Provider-free descriptive stratification of an existing 30-task, five-checkpoint F2P replay. Each checkpoint is an independently attempted bounded replay, so the rows describe checkpoint state composition and paired status agreement; they are not longitudinal survival, semantic, behavioral, adaptation, causal, or formal current-objective outcomes."
scikit-learn__scikit-learn-10508,scikit-learn/scikit-learn,human,checkpoint_replay_completed,future_textual_conflict,future_textual_conflict,future_textual_conflict,future_textual_conflict,1,4,0,0,checkpoint_replay_completed|future_textual_conflict|future_textual_conflict|future_textual_conflict|future_textual_conflict,core_replay,primary,"Provider-free descriptive stratification of an existing 30-task, five-checkpoint F2P replay. Each checkpoint is an independently attempted bounded replay, so the rows describe checkpoint state composition and paired status agreement; they are not longitudinal survival, semantic, behavioral, adaptation, causal, or formal current-objective outcomes."
scikit-learn__scikit-learn-10508,scikit-learn/scikit-learn,OrcaLoca,checkpoint_replay_completed,future_textual_conflict,future_textual_conflict,future_textual_conflict,future_textual_conflict,1,4,0,0,checkpoint_replay_completed|future_textual_conflict|future_textual_conflict|future_textual_conflict|future_textual_conflict,core_replay,primary,"Provider-free descriptive stratification of an existing 30-task, five-checkpoint F2P replay. Each checkpoint is an independently attempted bounded replay, so the rows describe checkpoint state composition and paired status agreement; they are not longitudinal survival, semantic, behavioral, adaptation, causal, or formal current-objective outcomes."
scikit-learn__scikit-learn-10949,scikit-learn/scikit-learn,human,checkpoint_replay_completed,checkpoint_replay_completed,checkpoint_replay_completed,source_unavailable_during_replay,source_unavailable_during_replay,3,0,2,0,checkpoint_replay_completed|checkpoint_replay_completed|checkpoint_replay_completed|source_unavailable_during_replay|source_unavailable_during_replay,core_replay,primary,"Provider-free descriptive stratification of an existing 30-task, five-checkpoint F2P replay. Each checkpoint is an independently attempted bounded replay, so the rows describe checkpoint state composition and paired status agreement; they are not longitudinal survival, semantic, behavioral, adaptation, causal, or formal current-objective outcomes."
scikit-learn__scikit-learn-10949,scikit-learn/scikit-learn,OrcaLoca,checkpoint_replay_completed,checkpoint_replay_completed,checkpoint_replay_completed,source_unavailable_during_replay,source_unavailable_during_replay,3,0,2,0,checkpoint_replay_completed|checkpoint_replay_completed|checkpoint_replay_completed|source_unavailable_during_replay|source_unavailable_during_replay,core_replay,primary,"Provider-free descriptive stratification of an existing 30-task, five-checkpoint F2P replay. Each checkpoint is an independently attempted bounded replay, so the rows describe checkpoint state composition and paired status agreement; they are not longitudinal survival, semantic, behavioral, adaptation, causal, or formal current-objective outcomes."
scikit-learn__scikit-learn-11040,scikit-learn/scikit-learn,human,checkpoint_replay_completed,checkpoint_replay_completed,checkpoint_replay_completed,future_textual_conflict,future_textual_conflict,3,2,0,0,checkpoint_replay_completed|checkpoint_replay_completed|checkpoint_replay_completed|future_textual_conflict|future_textual_conflict,core_replay,primary,"Provider-free descriptive stratification of an existing 30-task, five-checkpoint F2P replay. Each checkpoint is an independently attempted bounded replay, so the rows describe checkpoint state composition and paired status agreement; they are not longitudinal survival, semantic, behavioral, adaptation, causal, or formal current-objective outcomes."
scikit-learn__scikit-learn-11040,scikit-learn/scikit-learn,OrcaLoca,checkpoint_replay_completed,checkpoint_replay_completed,checkpoint_replay_completed,future_textual_conflict,future_textual_conflict,3,2,0,0,checkpoint_replay_completed|checkpoint_replay_completed|checkpoint_replay_completed|future_textual_conflict|future_textual_conflict,core_replay,primary,"Provider-free descriptive stratification of an existing 30-task, five-checkpoint F2P replay. Each checkpoint is an independently attempted bounded replay, so the rows describe checkpoint state composition and paired status agreement; they are not longitudinal survival, semantic, behavioral, adaptation, causal, or formal current-objective outcomes."
sphinx-doc__sphinx-10325,sphinx-doc/sphinx,human,future_textual_conflict,future_textual_conflict,future_textual_conflict,future_textual_conflict,future_textual_conflict,0,5,0,0,future_textual_conflict|future_textual_conflict|future_textual_conflict|future_textual_conflict|future_textual_conflict,core_replay,primary,"Provider-free descriptive stratification of an existing 30-task, five-checkpoint F2P replay. Each checkpoint is an independently attempted bounded replay, so the rows describe checkpoint state composition and paired status agreement; they are not longitudinal survival, semantic, behavioral, adaptation, causal, or formal current-objective outcomes."
sphinx-doc__sphinx-10325,sphinx-doc/sphinx,OrcaLoca,future_textual_conflict,future_textual_conflict,future_textual_conflict,future_textual_conflict,future_textual_conflict,0,5,0,0,future_textual_conflict|future_textual_conflict|future_textual_conflict|future_textual_conflict|future_textual_conflict,core_replay,primary,"Provider-free descriptive stratification of an existing 30-task, five-checkpoint F2P replay. Each checkpoint is an independently attempted bounded replay, so the rows describe checkpoint state composition and paired status agreement; they are not longitudinal survival, semantic, behavioral, adaptation, causal, or formal current-objective outcomes."
sphinx-doc__sphinx-11445,sphinx-doc/sphinx,human,future_textual_conflict,future_textual_conflict,future_textual_conflict,future_textual_conflict,future_textual_conflict,0,5,0,0,future_textual_conflict|future_textual_conflict|future_textual_conflict|future_textual_conflict|future_textual_conflict,core_replay,primary,"Provider-free descriptive stratification of an existing 30-task, five-checkpoint F2P replay. Each checkpoint is an independently attempted bounded replay, so the rows describe checkpoint state composition and paired status agreement; they are not longitudinal survival, semantic, behavioral, adaptation, causal, or formal current-objective outcomes."
sphinx-doc__sphinx-11445,sphinx-doc/sphinx,OrcaLoca,future_textual_conflict,future_textual_conflict,future_textual_conflict,future_textual_conflict,future_textual_conflict,0,5,0,0,future_textual_conflict|future_textual_conflict|future_textual_conflict|future_textual_conflict|future_textual_conflict,core_replay,primary,"Provider-free descriptive stratification of an existing 30-task, five-checkpoint F2P replay. Each checkpoint is an independently attempted bounded replay, so the rows describe checkpoint state composition and paired status agreement; they are not longitudinal survival, semantic, behavioral, adaptation, causal, or formal current-objective outcomes."
sphinx-doc__sphinx-7686,sphinx-doc/sphinx,human,future_textual_conflict,future_textual_conflict,future_textual_conflict,future_textual_conflict,future_textual_conflict,0,5,0,0,future_textual_conflict|future_textual_conflict|future_textual_conflict|future_textual_conflict|future_textual_conflict,core_replay,primary,"Provider-free descriptive stratification of an existing 30-task, five-checkpoint F2P replay. Each checkpoint is an independently attempted bounded replay, so the rows describe checkpoint state composition and paired status agreement; they are not longitudinal survival, semantic, behavioral, adaptation, causal, or formal current-objective outcomes."
sphinx-doc__sphinx-7686,sphinx-doc/sphinx,OrcaLoca,future_textual_conflict,future_textual_conflict,future_textual_conflict,future_textual_conflict,future_textual_conflict,0,5,0,0,future_textual_conflict|future_textual_conflict|future_textual_conflict|future_textual_conflict|future_textual_conflict,core_replay,primary,"Provider-free descriptive stratification of an existing 30-task, five-checkpoint F2P replay. Each checkpoint is an independently attempted bounded replay, so the rows describe checkpoint state composition and paired status agreement; they are not longitudinal survival, semantic, behavioral, adaptation, causal, or formal current-objective outcomes."
sympy__sympy-11400,sympy/sympy,human,checkpoint_replay_completed,checkpoint_replay_completed,checkpoint_replay_completed,checkpoint_replay_completed,checkpoint_replay_completed,5,0,0,0,checkpoint_replay_completed|checkpoint_replay_completed|checkpoint_replay_completed|checkpoint_replay_completed|checkpoint_replay_completed,core_replay,primary,"Provider-free descriptive stratification of an existing 30-task, five-checkpoint F2P replay. Each checkpoint is an independently attempted bounded replay, so the rows describe checkpoint state composition and paired status agreement; they are not longitudinal survival, semantic, behavioral, adaptation, causal, or formal current-objective outcomes."
sympy__sympy-11400,sympy/sympy,OrcaLoca,checkpoint_replay_completed,checkpoint_replay_completed,checkpoint_replay_completed,checkpoint_replay_completed,future_textual_conflict,4,1,0,0,checkpoint_replay_completed|checkpoint_replay_completed|checkpoint_replay_completed|checkpoint_replay_completed|future_textual_conflict,core_replay,primary,"Provider-free descriptive stratification of an existing 30-task, five-checkpoint F2P replay. Each checkpoint is an independently attempted bounded replay, so the rows describe checkpoint state composition and paired status agreement; they are not longitudinal survival, semantic, behavioral, adaptation, causal, or formal current-objective outcomes."
sympy__sympy-11870,sympy/sympy,human,checkpoint_replay_completed,checkpoint_replay_completed,future_textual_conflict,future_textual_conflict,future_textual_conflict,2,3,0,0,checkpoint_replay_completed|checkpoint_replay_completed|future_textual_conflict|future_textual_conflict|future_textual_conflict,core_replay,primary,"Provider-free descriptive stratification of an existing 30-task, five-checkpoint F2P replay. Each checkpoint is an independently attempted bounded replay, so the rows describe checkpoint state composition and paired status agreement; they are not longitudinal survival, semantic, behavioral, adaptation, causal, or formal current-objective outcomes."
sympy__sympy-11870,sympy/sympy,OrcaLoca,checkpoint_replay_completed,checkpoint_replay_completed,future_textual_conflict,future_textual_conflict,future_textual_conflict,2,3,0,0,checkpoint_replay_completed|checkpoint_replay_completed|future_textual_conflict|future_textual_conflict|future_textual_conflict,core_replay,primary,"Provider-free descriptive stratification of an existing 30-task, five-checkpoint F2P replay. Each checkpoint is an independently attempted bounded replay, so the rows describe checkpoint state composition and paired status agreement; they are not longitudinal survival, semantic, behavioral, adaptation, causal, or formal current-objective outcomes."
sympy__sympy-12171,sympy/sympy,human,checkpoint_replay_completed,checkpoint_replay_completed,checkpoint_replay_completed,future_textual_conflict,future_textual_conflict,3,2,0,0,checkpoint_replay_completed|checkpoint_replay_completed|checkpoint_replay_completed|future_textual_conflict|future_textual_conflict,core_replay,primary,"Provider-free descriptive stratification of an existing 30-task, five-checkpoint F2P replay. Each checkpoint is an independently attempted bounded replay, so the rows describe checkpoint state composition and paired status agreement; they are not longitudinal survival, semantic, behavioral, adaptation, causal, or formal current-objective outcomes."
sympy__sympy-12171,sympy/sympy,OrcaLoca,checkpoint_replay_completed,checkpoint_replay_completed,checkpoint_replay_completed,future_textual_conflict,future_textual_conflict,3,2,0,0,checkpoint_replay_completed|checkpoint_replay_completed|checkpoint_replay_completed|future_textual_conflict|future_textual_conflict,core_replay,primary,"Provider-free descriptive stratification of an existing 30-task, five-checkpoint F2P replay. Each checkpoint is an independently attempted bounded replay, so the rows describe checkpoint state composition and paired status agreement; they are not longitudinal survival, semantic, behavioral, adaptation, causal, or formal current-objective outcomes."
