instance_id,component_full_row,component_run_id,diagnostic_run_id,diagnostic_record_lines,join_key,same_task,same_run
instance_ansible__ansible-1bd7dcf339dd8b6c50bc16670be2448a206f4fdb-vba6da65a0f3baefda7a058ebbd0a8dcafb8512f5,46,pinai_gpt56luna_causal60_20260915_v1,pinai_pro_python260_full_20260909_v1,1275;1276;1277;1278;1279;1280;1281,instance_id,True,False
instance_ansible__ansible-1c06c46cc14324df35ac4f39a45fb3ccd602195d-v0f01c69f1e2528b935359cfe578530722bca2c59,41,pinai_gpt56luna_causal60_20260915_v1,pinai_pro_python260_full_20260909_v1,1128;1129;1130;1131;1132;1133;1134,instance_id,True,False
instance_ansible__ansible-1ee70fc272aff6bf3415357c6e13c5de5b928d9b-v1055803c3a812189a1133297f7f5468579283f86,23,pinai_gpt56luna_causal60_20260915_v1,pinai_pro_python260_full_20260909_v1,694;695;696;697;698;699;700,instance_id,True,False
instance_ansible__ansible-42355d181a11b51ebfc56f6f4b3d9c74e01cb13b-v1055803c3a812189a1133297f7f5468579283f86,33,pinai_gpt56luna_causal60_20260915_v1,pinai_pro_python260_full_20260909_v1,988;989;990;991;992;993;994,instance_id,True,False
instance_ansible__ansible-5260527c4a71bfed99d803e687dd19619423b134-vba6da65a0f3baefda7a058ebbd0a8dcafb8512f5,38,pinai_gpt56luna_causal60_20260915_v1,pinai_pro_python260_full_20260909_v1,1093;1094;1095;1096;1097;1098;1099,instance_id,True,False
instance_ansible__ansible-5640093f1ca63fd6af231cc8a7fb7d40e1907b8c-vba6da65a0f3baefda7a058ebbd0a8dcafb8512f5,20,pinai_gpt56luna_causal60_20260915_v1,pinai_pro_python260_full_20260909_v1,505;506;507;508;509;510;511,instance_id,True,False
instance_ansible__ansible-5d253a13807e884b7ce0b6b57a963a45e2f0322c-v1055803c3a812189a1133297f7f5468579283f86,18,pinai_gpt56luna_causal60_20260915_v1,pinai_pro_python260_full_20260909_v1,477;478;479;480;481;482;483,instance_id,True,False
instance_ansible__ansible-5e88cd9972f10b66dd97e1ee684c910c6a2dd25e-v906c969b551b346ef54a2c0b41e04f632b7b73c2,42,pinai_gpt56luna_causal60_20260915_v1,pinai_pro_python260_full_20260909_v1,1135;1136;1137;1138;1139;1140;1141,instance_id,True,False
instance_ansible__ansible-83909bfa22573777e3db5688773bda59721962ad-vba6da65a0f3baefda7a058ebbd0a8dcafb8512f5,58,pinai_gpt56luna_causal60_20260915_v1,pinai_pro_python260_full_20260909_v1,1632;1633;1634;1635;1636;1637;1638,instance_id,True,False
instance_ansible__ansible-935528e22e5283ee3f63a8772830d3d01f55ed8c-vba6da65a0f3baefda7a058ebbd0a8dcafb8512f5,19,pinai_gpt56luna_causal60_20260915_v1,pinai_pro_python260_full_20260909_v1,498;499;500;501;502;503;504,instance_id,True,False
instance_ansible__ansible-949c503f2ef4b2c5d668af0492a5c0db1ab86140-v0f01c69f1e2528b935359cfe578530722bca2c59,27,pinai_gpt56luna_causal60_20260915_v1,pinai_pro_python260_full_20260909_v1,799;800;801;802;803;804;805,instance_id,True,False
instance_ansible__ansible-984216f52e76b904e5b0fa0fb956ab4f1e0a7751-v1055803c3a812189a1133297f7f5468579283f86,51,pinai_gpt56luna_causal60_20260915_v1,pinai_pro_python260_full_20260909_v1,1436;1437;1438;1439;1440;1441;1442,instance_id,True,False
instance_ansible__ansible-b8025ac160146319d2b875be3366b60c852dd35d-v0f01c69f1e2528b935359cfe578530722bca2c59,9,pinai_gpt56luna_causal60_20260915_v1,pinai_pro_python260_full_20260909_v1,302;303;304;305;306;307;308,instance_id,True,False
instance_ansible__ansible-be59caa59bf47ca78a4760eb7ff38568372a8260-v1055803c3a812189a1133297f7f5468579283f86,4,pinai_gpt56luna_causal60_20260915_v1,pinai_pro_python260_full_20260909_v1,127;128;129;130;131;132;133,instance_id,True,False
instance_ansible__ansible-c1f2df47538b884a43320f53e787197793b105e8-v906c969b551b346ef54a2c0b41e04f632b7b73c2,28,pinai_gpt56luna_causal60_20260915_v1,pinai_pro_python260_full_20260909_v1,813;814;815;816;817;818;819,instance_id,True,False
instance_ansible__ansible-ecea15c508f0e081525be036cf76bbb56dbcdd9d-vba6da65a0f3baefda7a058ebbd0a8dcafb8512f5,50,pinai_gpt56luna_causal60_20260915_v1,pinai_pro_python260_full_20260909_v1,1429;1430;1431;1432;1433;1434;1435,instance_id,True,False
instance_ansible__ansible-ed6581e4db2f1bec5a772213c3e186081adc162d-v0f01c69f1e2528b935359cfe578530722bca2c59,45,pinai_gpt56luna_causal60_20260915_v1,pinai_pro_python260_full_20260909_v1,1261;1262;1263;1264;1265;1266;1267,instance_id,True,False
instance_ansible__ansible-eea46a0d1b99a6dadedbb6a3502d599235fa7ec3-v390e508d27db7a51eece36bb6d9698b63a5b638a,44,pinai_gpt56luna_causal60_20260915_v1,pinai_pro_python260_full_20260909_v1,1219;1220;1221;1222;1223;1224;1225,instance_id,True,False
instance_ansible__ansible-f327e65d11bb905ed9f15996024f857a95592629-vba6da65a0f3baefda7a058ebbd0a8dcafb8512f5,48,pinai_gpt56luna_causal60_20260915_v1,pinai_pro_python260_full_20260909_v1,1352;1353;1354;1355;1356;1357;1358,instance_id,True,False
instance_ansible__ansible-f8ef34672b961a95ec7282643679492862c688ec-vba6da65a0f3baefda7a058ebbd0a8dcafb8512f5,36,pinai_gpt56luna_causal60_20260915_v1,pinai_pro_python260_full_20260909_v1,1051;1052;1053;1054;1055;1056;1057,instance_id,True,False
instance_internetarchive__openlibrary-03095f2680f7516fca35a58e665bf2a41f006273-v8717e18970bcdc4e0d2cea3b1527752b21e74866,52,pinai_gpt56luna_causal60_20260915_v1,pinai_pro_python260_full_20260909_v1,1464;1465;1466;1467;1468;1469;1470,instance_id,True,False
instance_internetarchive__openlibrary-0a90f9f0256e4f933523e9842799e39f95ae29ce-v76304ecdb3a5954fcf13feb710e8c40fcf24b73c,30,pinai_gpt56luna_causal60_20260915_v1,pinai_pro_python260_full_20260909_v1,841;842;843;844;845;846;847,instance_id,True,False
instance_internetarchive__openlibrary-11838fad1028672eb975c79d8984f03348500173-v0f5aece3601a5b4419f7ccec1dbda2071be28ee4,29,pinai_gpt56luna_causal60_20260915_v1,pinai_pro_python260_full_20260909_v1,820;821;822;823;824;825;826,instance_id,True,False
instance_internetarchive__openlibrary-1894cb48d6e7fb498295a5d3ed0596f6f603b784-v0f5aece3601a5b4419f7ccec1dbda2071be28ee4,17,pinai_gpt56luna_causal60_20260915_v1,pinai_pro_python260_full_20260909_v1,470;471;472;473;474;475;476,instance_id,True,False
instance_internetarchive__openlibrary-2fe532a33635aab7a9bfea5d977f6a72b280a30c-v0f5aece3601a5b4419f7ccec1dbda2071be28ee4,16,pinai_gpt56luna_causal60_20260915_v1,pinai_pro_python260_full_20260909_v1,456;457;458;459;460;461;462,instance_id,True,False
instance_internetarchive__openlibrary-308a35d6999427c02b1dbf5211c033ad3b352556-ve8c8d62a2b60610a3c4631f5f23ed866bada9818,37,pinai_gpt56luna_causal60_20260915_v1,pinai_pro_python260_full_20260909_v1,1086;1087;1088;1089;1090;1091;1092,instance_id,True,False
instance_internetarchive__openlibrary-4b7ea2977be2747496ba792a678940baa985f7ea-v0f5aece3601a5b4419f7ccec1dbda2071be28ee4,26,pinai_gpt56luna_causal60_20260915_v1,pinai_pro_python260_full_20260909_v1,792;793;794;795;796;797;798,instance_id,True,False
instance_internetarchive__openlibrary-53d376b148897466bb86d5accb51912bbbe9a8ed-v08d8e8889ec945ab821fb156c04c7d2e2810debb,35,pinai_gpt56luna_causal60_20260915_v1,pinai_pro_python260_full_20260909_v1,1030;1031;1032;1033;1034;1035;1036,instance_id,True,False
instance_internetarchive__openlibrary-62d2243131a9c7e6aee00d1e9c5660fd5b594e89-v0f5aece3601a5b4419f7ccec1dbda2071be28ee4,2,pinai_gpt56luna_causal60_20260915_v1,pinai_pro_python260_full_20260909_v1,64;65;66;67;68;69;70,instance_id,True,False
instance_internetarchive__openlibrary-6fdbbeee4c0a7e976ff3e46fb1d36f4eb110c428-v08d8e8889ec945ab821fb156c04c7d2e2810debb,24,pinai_gpt56luna_causal60_20260915_v1,pinai_pro_python260_full_20260909_v1,729;730;731;732;733;734;735,instance_id,True,False
instance_internetarchive__openlibrary-798055d1a19b8fa0983153b709f460be97e33064-v13642507b4fc1f8d234172bf8129942da2c2ca26,57,pinai_gpt56luna_causal60_20260915_v1,pinai_pro_python260_full_20260909_v1,1625;1626;1627;1628;1629;1630;1631,instance_id,True,False
instance_internetarchive__openlibrary-798a582540019363d14b2090755cc7b89a350788-v430f20c722405e462d9ef44dee7d34c41e76fe7a,56,pinai_gpt56luna_causal60_20260915_v1,pinai_pro_python260_full_20260909_v1,1604;1605;1606;1607;1608;1609;1610,instance_id,True,False
instance_internetarchive__openlibrary-7bf3238533070f2d24bafbb26eedf675d51941f6-v08d8e8889ec945ab821fb156c04c7d2e2810debb,60,pinai_gpt56luna_causal60_20260915_v1,pinai_pro_python260_full_20260909_v1,1807;1808;1809;1810;1811;1812;1813,instance_id,True,False
instance_internetarchive__openlibrary-7c8dc180281491ccaa1b4b43518506323750d1e4-v298a7a812ceed28c4c18355a091f1b268fe56d86,53,pinai_gpt56luna_causal60_20260915_v1,pinai_pro_python260_full_20260909_v1,1492;1493;1494;1495;1496;1497;1498,instance_id,True,False
instance_internetarchive__openlibrary-89e4b4431fe7506c365a6f6eb6f6d048d04c044c-v08d8e8889ec945ab821fb156c04c7d2e2810debb,40,pinai_gpt56luna_causal60_20260915_v1,pinai_pro_python260_full_20260909_v1,1114;1115;1116;1117;1118;1119;1120,instance_id,True,False
instance_internetarchive__openlibrary-910b08570210509f3bcfebf35c093a48243fe754-v0f5aece3601a5b4419f7ccec1dbda2071be28ee4,15,pinai_gpt56luna_causal60_20260915_v1,pinai_pro_python260_full_20260909_v1,442;443;444;445;446;447;448,instance_id,True,False
instance_internetarchive__openlibrary-b4f7c185ae5f1824ac7f3a18e8adf6a4b468459c-v08d8e8889ec945ab821fb156c04c7d2e2810debb,31,pinai_gpt56luna_causal60_20260915_v1,pinai_pro_python260_full_20260909_v1,869;870;871;872;873;874;875,instance_id,True,False
instance_internetarchive__openlibrary-bb152d23c004f3d68986877143bb0f83531fe401-ve8c8d62a2b60610a3c4631f5f23ed866bada9818,21,pinai_gpt56luna_causal60_20260915_v1,pinai_pro_python260_full_20260909_v1,533;534;535;536;537;538;539,instance_id,True,False
instance_internetarchive__openlibrary-c05ccf2cd8baa81609434e0e35c4a63bc0da5a25-v0f5aece3601a5b4419f7ccec1dbda2071be28ee4,32,pinai_gpt56luna_causal60_20260915_v1,pinai_pro_python260_full_20260909_v1,925;926;927;928;929;930;931,instance_id,True,False
instance_internetarchive__openlibrary-f8cc11d9c1575fdba5ac66aee0befca970da8d64-v13642507b4fc1f8d234172bf8129942da2c2ca26,3,pinai_gpt56luna_causal60_20260915_v1,pinai_pro_python260_full_20260909_v1,50;51;52;53;54;55;56,instance_id,True,False
instance_qutebrowser__qutebrowser-0aa57e4f7243024fa4bba8853306691b5dbd77b3-v5149fcda2a9a6fe1d35dfed1bade1444a11ef271,22,pinai_gpt56luna_causal60_20260915_v1,pinai_pro_python260_full_20260909_v1,561;562;563;564;565;566;567,instance_id,True,False
instance_qutebrowser__qutebrowser-233cb1cc48635130e5602549856a6fa4ab4c087f-v35616345bb8052ea303186706cec663146f0f184,6,pinai_gpt56luna_causal60_20260915_v1,pinai_pro_python260_full_20260909_v1,232;233;234;235;236;237;238,instance_id,True,False
instance_qutebrowser__qutebrowser-2dd8966fdcf11972062c540b7a787e4d0de8d372-v363c8a7e5ccdf6968fc7ab84a2053ac78036691d,47,pinai_gpt56luna_causal60_20260915_v1,pinai_pro_python260_full_20260909_v1,1317;1318;1319;1320;1321;1322;1323,instance_id,True,False
instance_qutebrowser__qutebrowser-394bfaed6544c952c6b3463751abab3176ad4997-vafb3e8e01b31319c66c4e666b8a3b1d8ba55db24,43,pinai_gpt56luna_causal60_20260915_v1,pinai_pro_python260_full_20260909_v1,1163;1164;1165;1166;1167;1168;1169,instance_id,True,False
instance_qutebrowser__qutebrowser-3d01c201b8aa54dd71d4f801b1dd12feb4c0a08a-v5fc38aaf22415ab0b70567368332beee7955b367,59,pinai_gpt56luna_causal60_20260915_v1,pinai_pro_python260_full_20260909_v1,1674;1675;1676;1677;1678;1679;1680,instance_id,True,False
instance_qutebrowser__qutebrowser-3e21c8214a998cb1058defd15aabb24617a76402-v5fc38aaf22415ab0b70567368332beee7955b367,8,pinai_gpt56luna_causal60_20260915_v1,pinai_pro_python260_full_20260909_v1,274;275;276;277;278;279;280,instance_id,True,False
instance_qutebrowser__qutebrowser-46e6839e21d9ff72abb6c5d49d5abaa5a8da8a81-v2ef375ac784985212b1805e1d0431dc8f1b3c171,1,pinai_gpt56luna_causal60_20260915_v1,pinai_pro_python260_full_20260909_v1,36;37;38;39;40;41;42,instance_id,True,False
instance_qutebrowser__qutebrowser-52708364b5f91e198defb022d1a5b4b3ebd9b563-v2ef375ac784985212b1805e1d0431dc8f1b3c171,49,pinai_gpt56luna_causal60_20260915_v1,pinai_pro_python260_full_20260909_v1,1380;1381;1382;1383;1384;1385;1386,instance_id,True,False
instance_qutebrowser__qutebrowser-54bcdc1eefa86cc20790973d6997b60c3bba884c-v2ef375ac784985212b1805e1d0431dc8f1b3c171,13,pinai_gpt56luna_causal60_20260915_v1,pinai_pro_python260_full_20260909_v1,407;408;409;410;411;412;413,instance_id,True,False
instance_qutebrowser__qutebrowser-66cfa15c372fa9e613ea5a82d3b03e4609399fb6-v363c8a7e5ccdf6968fc7ab84a2053ac78036691d,55,pinai_gpt56luna_causal60_20260915_v1,pinai_pro_python260_full_20260909_v1,1814;1815;1816;1817;1818;1819;1820,instance_id,True,False
instance_qutebrowser__qutebrowser-8f46ba3f6dc7b18375f7aa63c48a1fe461190430-v2ef375ac784985212b1805e1d0431dc8f1b3c171,14,pinai_gpt56luna_causal60_20260915_v1,pinai_pro_python260_full_20260909_v1,414;415;416;417;418;419;420,instance_id,True,False
instance_qutebrowser__qutebrowser-a25e8a09873838ca9efefd36ea8a45170bbeb95c-vc2f56a753b62a190ddb23cd330c257b9cf560d12,34,pinai_gpt56luna_causal60_20260915_v1,pinai_pro_python260_full_20260909_v1,1016;1017;1018;1019;1020;1021;1022,instance_id,True,False
instance_qutebrowser__qutebrowser-c09e1439f145c66ee3af574386e277dd2388d094-v2ef375ac784985212b1805e1d0431dc8f1b3c171,10,pinai_gpt56luna_causal60_20260915_v1,pinai_pro_python260_full_20260909_v1,309;310;311;312;313;314;315,instance_id,True,False
instance_qutebrowser__qutebrowser-c0be28ebee3e1837aaf3f30ec534ccd6d038f129-v9f8e9d96c85c85a605e382f1510bd08563afc566,39,pinai_gpt56luna_causal60_20260915_v1,pinai_pro_python260_full_20260909_v1,1100;1101;1102;1103;1104;1105;1106,instance_id,True,False
instance_qutebrowser__qutebrowser-e34dfc68647d087ca3175d9ad3f023c30d8c9746-v363c8a7e5ccdf6968fc7ab84a2053ac78036691d,7,pinai_gpt56luna_causal60_20260915_v1,pinai_pro_python260_full_20260909_v1,260;261;262;263;264;265;266,instance_id,True,False
instance_qutebrowser__qutebrowser-e5340c449f23608803c286da0563b62f58ba25b0-v059c6fdc75567943479b23ebca7c07b5e9a7f34c,5,pinai_gpt56luna_causal60_20260915_v1,pinai_pro_python260_full_20260909_v1,155;156;157;158;159;160;161,instance_id,True,False
instance_qutebrowser__qutebrowser-fcfa069a06ade76d91bac38127f3235c13d78eb1-v5fc38aaf22415ab0b70567368332beee7955b367,12,pinai_gpt56luna_causal60_20260915_v1,pinai_pro_python260_full_20260909_v1,393;394;395;396;397;398;399,instance_id,True,False
instance_qutebrowser__qutebrowser-fd6790fe8c02b144ab2464f1fc8ab3d02ce3c476-v2ef375ac784985212b1805e1d0431dc8f1b3c171,54,pinai_gpt56luna_causal60_20260915_v1,pinai_pro_python260_full_20260909_v1,1506;1507;1508;1509;1510;1511;1512,instance_id,True,False
instance_qutebrowser__qutebrowser-fea33d607fde83cf505b228238cf365936437a63-v9f8e9d96c85c85a605e382f1510bd08563afc566,25,pinai_gpt56luna_causal60_20260915_v1,pinai_pro_python260_full_20260909_v1,757;758;759;760;761;762;763,instance_id,True,False
instance_qutebrowser__qutebrowser-fec187c2cb53d769c2682b35ca77858a811414a8-v363c8a7e5ccdf6968fc7ab84a2053ac78036691d,11,pinai_gpt56luna_causal60_20260915_v1,pinai_pro_python260_full_20260909_v1,323;324;325;326;327;328;329,instance_id,True,False
