process_unit,k,n,pooled_prevalence,stratum_min,stratum_max,wilson95_min,wilson95_max,task_any_bootstrap95_min,task_any_bootstrap95_max,trajectory_cluster_bootstrap95_min,trajectory_cluster_bootstrap95_max,estimator_warning
test_or_build,1308,1308,1.0,1.0,1.0,0.9883884009749682,1.0,1.0,1.0,1.0,1.0,task_any intervals do not estimate trajectory prevalence
direct_file_read,1251,1308,0.9564220183486238,0.8776758409785933,0.9877675840978594,0.837711433483356,0.9952331270184454,0.9690721649484536,1.0,0.8288288288288288,1.0,task_any intervals do not estimate trajectory prevalence
edit_or_patch,1224,1308,0.9357798165137615,0.8807339449541285,0.9663608562691132,0.8411100848489272,0.9811146717849671,0.8865979381443299,1.0,0.8255451713395638,0.9878419452887538,task_any intervals do not estimate trajectory prevalence
code_search,1168,1308,0.8929663608562691,0.6697247706422018,0.9755351681957186,0.6170362047562508,0.9875524120471584,0.7731958762886598,1.0,0.5953079178885631,0.990990990990991,task_any intervals do not estimate trajectory prevalence
diff_validation,654,1308,0.5,0.1559633027522936,0.7217125382262997,0.12065805597330118,0.7674986480729589,0.25773195876288657,0.95,0.11042944785276074,0.7927927927927928,task_any intervals do not estimate trajectory prevalence
history_lookup,466,1308,0.3562691131498471,0.22324159021406728,0.41284403669724773,0.18146815443776093,0.4669194184907204,0.41237113402061853,0.7835051546391752,0.1724137931034483,0.486404833836858,task_any intervals do not estimate trajectory prevalence
environment_setup,407,1308,0.31116207951070335,0.14067278287461774,0.38837920489296635,0.10714813613722333,0.4422101308191985,0.23711340206185566,0.7319587628865979,0.09467455621301775,0.46296296296296297,task_any intervals do not estimate trajectory prevalence
issue_specification,282,1308,0.21559633027522937,0.20795107033639143,0.22018348623853212,0.16747861313391693,0.2682020112833954,0.13402061855670103,0.32989690721649484,0.12612612612612611,0.31137724550898205,task_any intervals do not estimate trajectory prevalence
dependency_or_network,116,1308,0.08868501529051988,0.07951070336391437,0.10091743119266056,0.05483521595031184,0.13833907183826416,0.0707070707070707,0.23,0.037037037037037035,0.15963855421686746,task_any intervals do not estimate trajectory prevalence
feedback_recovery,28,1308,0.021406727828746176,0.01834862385321101,0.024464831804281346,0.008435679386395249,0.0475255230465006,0.01,0.1134020618556701,0.0030120481927710845,0.046583850931677016,task_any intervals do not estimate trajectory prevalence
repository_orientation,0,1308,0.0,0.0,0.0,0.0,0.011611599025031918,0.0,0.0,0.0,0.0,task_any intervals do not estimate trajectory prevalence
