variant,label,planned,completed,errors,hits,file_hit_1,changed_top1,improve,regress,pair_count,paired_baseline_rate,paired_keep_effect,exact_mcnemar_p,mean_tokens,wilson_low,wilson_high
full_v5,Full audit,60,60,0,18,0.3,0,0,0,60,0.3,-0.0,1.0,8123.783333333334,0.19898166138769108,0.42508707946914487
no_grounding,- grounding,60,60,0,19,0.31666666666666665,8,1,0,60,0.3,-0.016666666666666666,1.0,8041.266666666666,0.21305867552366523,0.44233767026176773
no_ownership,- ownership,60,60,0,18,0.3,4,0,0,60,0.3,-0.0,1.0,8047.95,0.19898166138769108,0.42508707946914487
no_contradiction,- contradiction,60,60,0,19,0.31666666666666665,4,1,0,60,0.3,-0.016666666666666666,1.0,8080.433333333333,0.21305867552366523,0.44233767026176773
no_detour,- detour,60,60,0,18,0.3,5,0,0,60,0.3,-0.0,1.0,8064.216666666666,0.19898166138769108,0.42508707946914487
no_path_verifier,- path verifier,60,60,0,18,0.3,6,0,0,60,0.3,-0.0,1.0,8077.283333333334,0.19898166138769108,0.42508707946914487
no_memory,- memory,60,58,2,19,0.3275862068965517,5,1,0,58,0.3103448275862069,-0.017241379310344827,1.0,8133.0,0.22083291084926074,0.455759453215292
no_abstention,- abstention,60,59,1,18,0.3050847457627119,5,0,0,59,0.3050847457627119,-0.0,1.0,8133.576271186441,0.20253631980116063,0.4314632653194519
majority_vote_controller,majority controller,60,60,0,17,0.2833333333333333,4,0,1,60,0.3,0.016666666666666666,1.0,7984.6,0.18506828428432714,0.4076728516439118
