comparison,variant,metric,paired_n,control_mean,treatment_mean,delta_treatment_minus_control,bootstrap95_low,bootstrap95_high,positive,equal,negative,mcnemar_exact_p,claim_boundary
no_grounding vs full_v5,no_grounding,FileHit@1,60,0.3,0.31666666666666665,0.016666666666666666,0.0,0.05,1,59,0,1.0,Paired post-hoc descriptive comparison on completed rows sharing instance_id; no causal correctness or benchmark claim.
no_grounding vs full_v5,no_grounding,FileHit@3,60,0.3333333333333333,0.31666666666666665,-0.016666666666666666,-0.05,0.0,NA,NA,NA,NA,Paired post-hoc descriptive comparison on completed rows sharing instance_id; no causal correctness or benchmark claim.
no_grounding vs full_v5,no_grounding,FileHit@5,60,0.3333333333333333,0.31666666666666665,-0.016666666666666666,-0.05,0.0,NA,NA,NA,NA,Paired post-hoc descriptive comparison on completed rows sharing instance_id; no causal correctness or benchmark claim.
no_grounding vs full_v5,no_grounding,MRR@3,60,0.3138888888888889,0.31666666666666665,0.002777777777777778,-0.016666666666666666,0.025,NA,NA,NA,NA,Paired post-hoc descriptive comparison on completed rows sharing instance_id; no causal correctness or benchmark claim.
no_ownership vs full_v5,no_ownership,FileHit@1,60,0.3,0.3,0.0,0.0,0.0,0,60,0,1.0,Paired post-hoc descriptive comparison on completed rows sharing instance_id; no causal correctness or benchmark claim.
no_ownership vs full_v5,no_ownership,FileHit@3,60,0.3333333333333333,0.3333333333333333,0.0,0.0,0.0,NA,NA,NA,NA,Paired post-hoc descriptive comparison on completed rows sharing instance_id; no causal correctness or benchmark claim.
no_ownership vs full_v5,no_ownership,FileHit@5,60,0.3333333333333333,0.3333333333333333,0.0,0.0,0.0,NA,NA,NA,NA,Paired post-hoc descriptive comparison on completed rows sharing instance_id; no causal correctness or benchmark claim.
no_ownership vs full_v5,no_ownership,MRR@3,60,0.3138888888888889,0.3138888888888889,0.0,0.0,0.0,NA,NA,NA,NA,Paired post-hoc descriptive comparison on completed rows sharing instance_id; no causal correctness or benchmark claim.
no_contradiction vs full_v5,no_contradiction,FileHit@1,60,0.3,0.31666666666666665,0.016666666666666666,0.0,0.05,1,59,0,1.0,Paired post-hoc descriptive comparison on completed rows sharing instance_id; no causal correctness or benchmark claim.
no_contradiction vs full_v5,no_contradiction,FileHit@3,60,0.3333333333333333,0.31666666666666665,-0.016666666666666666,-0.05,0.0,NA,NA,NA,NA,Paired post-hoc descriptive comparison on completed rows sharing instance_id; no causal correctness or benchmark claim.
no_contradiction vs full_v5,no_contradiction,FileHit@5,60,0.3333333333333333,0.31666666666666665,-0.016666666666666666,-0.05,0.0,NA,NA,NA,NA,Paired post-hoc descriptive comparison on completed rows sharing instance_id; no causal correctness or benchmark claim.
no_contradiction vs full_v5,no_contradiction,MRR@3,60,0.3138888888888889,0.31666666666666665,0.002777777777777778,-0.016666666666666666,0.025,NA,NA,NA,NA,Paired post-hoc descriptive comparison on completed rows sharing instance_id; no causal correctness or benchmark claim.
no_detour vs full_v5,no_detour,FileHit@1,60,0.3,0.3,0.0,0.0,0.0,0,60,0,1.0,Paired post-hoc descriptive comparison on completed rows sharing instance_id; no causal correctness or benchmark claim.
no_detour vs full_v5,no_detour,FileHit@3,60,0.3333333333333333,0.31666666666666665,-0.016666666666666666,-0.05,0.0,NA,NA,NA,NA,Paired post-hoc descriptive comparison on completed rows sharing instance_id; no causal correctness or benchmark claim.
no_detour vs full_v5,no_detour,FileHit@5,60,0.3333333333333333,0.31666666666666665,-0.016666666666666666,-0.05,0.0,NA,NA,NA,NA,Paired post-hoc descriptive comparison on completed rows sharing instance_id; no causal correctness or benchmark claim.
no_detour vs full_v5,no_detour,MRR@3,60,0.3138888888888889,0.30833333333333335,-0.005555555555555555,-0.016666666666666666,0.0,NA,NA,NA,NA,Paired post-hoc descriptive comparison on completed rows sharing instance_id; no causal correctness or benchmark claim.
no_path_verifier vs full_v5,no_path_verifier,FileHit@1,60,0.3,0.3,0.0,0.0,0.0,0,60,0,1.0,Paired post-hoc descriptive comparison on completed rows sharing instance_id; no causal correctness or benchmark claim.
no_path_verifier vs full_v5,no_path_verifier,FileHit@3,60,0.3333333333333333,0.31666666666666665,-0.016666666666666666,-0.05,0.0,NA,NA,NA,NA,Paired post-hoc descriptive comparison on completed rows sharing instance_id; no causal correctness or benchmark claim.
no_path_verifier vs full_v5,no_path_verifier,FileHit@5,60,0.3333333333333333,0.31666666666666665,-0.016666666666666666,-0.05,0.0,NA,NA,NA,NA,Paired post-hoc descriptive comparison on completed rows sharing instance_id; no causal correctness or benchmark claim.
no_path_verifier vs full_v5,no_path_verifier,MRR@3,60,0.3138888888888889,0.30833333333333335,-0.005555555555555555,-0.016666666666666666,0.0,NA,NA,NA,NA,Paired post-hoc descriptive comparison on completed rows sharing instance_id; no causal correctness or benchmark claim.
no_memory vs full_v5,no_memory,FileHit@1,58,0.3103448275862069,0.3275862068965517,0.017241379310344827,0.0,0.05172413793103448,1,57,0,1.0,Paired post-hoc descriptive comparison on completed rows sharing instance_id; no causal correctness or benchmark claim.
no_memory vs full_v5,no_memory,FileHit@3,58,0.3448275862068966,0.3275862068965517,-0.017241379310344827,-0.05172413793103448,0.0,NA,NA,NA,NA,Paired post-hoc descriptive comparison on completed rows sharing instance_id; no causal correctness or benchmark claim.
no_memory vs full_v5,no_memory,FileHit@5,58,0.3448275862068966,0.3275862068965517,-0.017241379310344827,-0.05172413793103448,0.0,NA,NA,NA,NA,Paired post-hoc descriptive comparison on completed rows sharing instance_id; no causal correctness or benchmark claim.
no_memory vs full_v5,no_memory,MRR@3,58,0.3247126436781609,0.3275862068965517,0.002873563218390805,-0.017241379310344827,0.02586206896551724,NA,NA,NA,NA,Paired post-hoc descriptive comparison on completed rows sharing instance_id; no causal correctness or benchmark claim.
no_abstention vs full_v5,no_abstention,FileHit@1,59,0.3050847457627119,0.3050847457627119,0.0,0.0,0.0,0,59,0,1.0,Paired post-hoc descriptive comparison on completed rows sharing instance_id; no causal correctness or benchmark claim.
no_abstention vs full_v5,no_abstention,FileHit@3,59,0.3389830508474576,0.3220338983050847,-0.01694915254237288,-0.05084745762711865,0.0,NA,NA,NA,NA,Paired post-hoc descriptive comparison on completed rows sharing instance_id; no causal correctness or benchmark claim.
no_abstention vs full_v5,no_abstention,FileHit@5,59,0.3389830508474576,0.3220338983050847,-0.01694915254237288,-0.05084745762711865,0.0,NA,NA,NA,NA,Paired post-hoc descriptive comparison on completed rows sharing instance_id; no causal correctness or benchmark claim.
no_abstention vs full_v5,no_abstention,MRR@3,59,0.3192090395480226,0.3135593220338983,-0.005649717514124294,-0.01694915254237288,0.0,NA,NA,NA,NA,Paired post-hoc descriptive comparison on completed rows sharing instance_id; no causal correctness or benchmark claim.
majority_vote_controller vs full_v5,majority_vote_controller,FileHit@1,60,0.3,0.2833333333333333,-0.016666666666666666,-0.05,0.0,0,59,1,1.0,Paired post-hoc descriptive comparison on completed rows sharing instance_id; no causal correctness or benchmark claim.
majority_vote_controller vs full_v5,majority_vote_controller,FileHit@3,60,0.3333333333333333,0.3,-0.03333333333333333,-0.08333333333333333,0.0,NA,NA,NA,NA,Paired post-hoc descriptive comparison on completed rows sharing instance_id; no causal correctness or benchmark claim.
majority_vote_controller vs full_v5,majority_vote_controller,FileHit@5,60,0.3333333333333333,0.3,-0.03333333333333333,-0.08333333333333333,0.0,NA,NA,NA,NA,Paired post-hoc descriptive comparison on completed rows sharing instance_id; no causal correctness or benchmark claim.
majority_vote_controller vs full_v5,majority_vote_controller,MRR@3,60,0.3138888888888889,0.2916666666666667,-0.02222222222222222,-0.06666666666666667,0.0,NA,NA,NA,NA,Paired post-hoc descriptive comparison on completed rows sharing instance_id; no causal correctness or benchmark claim.
