variant,metric,canonical_n,completed_n,error_n,available_n,completion_rate,completed_mean,completed_sum,coverage_normalized_mean,filehit1_successes_completed,filehit1_wilson95_low_completed,filehit1_wilson95_high_completed,claim_boundary
full_v5,FileHit@1,60,60,0,60,1.0,0.3,18.0,0.3,18,0.19898166138769108,0.42508707946914487,Completed-row conditional and denominator-aware descriptive model-only statistic; error rows are retained and not imputed.
full_v5,FileHit@3,60,60,0,60,1.0,0.3333333333333333,20.0,0.3333333333333333,NA,NA,NA,Completed-row conditional and denominator-aware descriptive model-only statistic; error rows are retained and not imputed.
full_v5,FileHit@5,60,60,0,60,1.0,0.3333333333333333,20.0,0.3333333333333333,NA,NA,NA,Completed-row conditional and denominator-aware descriptive model-only statistic; error rows are retained and not imputed.
full_v5,MRR@3,60,60,0,60,1.0,0.3138888888888889,18.833333333333332,0.3138888888888889,NA,NA,NA,Completed-row conditional and denominator-aware descriptive model-only statistic; error rows are retained and not imputed.
full_v5,RootOwnerHit,60,60,0,60,1.0,0.2833333333333333,17.0,0.2833333333333333,NA,NA,NA,Completed-row conditional and denominator-aware descriptive model-only statistic; error rows are retained and not imputed.
full_v5,SymbolHit@1,60,60,0,60,1.0,0.13333333333333333,8.0,0.13333333333333333,NA,NA,NA,Completed-row conditional and denominator-aware descriptive model-only statistic; error rows are retained and not imputed.
full_v5,HunkHit,60,60,0,60,1.0,0.0,0.0,0.0,NA,NA,NA,Completed-row conditional and denominator-aware descriptive model-only statistic; error rows are retained and not imputed.
full_v5,EdgeF1,60,60,0,60,1.0,0.0,0.0,0.0,NA,NA,NA,Completed-row conditional and denominator-aware descriptive model-only statistic; error rows are retained and not imputed.
full_v5,EvidenceRefObserved,60,60,0,60,1.0,0.4,24.0,0.4,NA,NA,NA,Completed-row conditional and denominator-aware descriptive model-only statistic; error rows are retained and not imputed.
full_v5,CompleteOwnerPath,60,60,0,60,1.0,0.0,0.0,0.0,NA,NA,NA,Completed-row conditional and denominator-aware descriptive model-only statistic; error rows are retained and not imputed.
full_v5,CreditedEvidenceRefObserved,60,60,0,60,1.0,0.38333333333333336,23.0,0.38333333333333336,NA,NA,NA,Completed-row conditional and denominator-aware descriptive model-only statistic; error rows are retained and not imputed.
full_v5,TraceComplete,60,60,0,60,1.0,1.0,60.0,1.0,NA,NA,NA,Completed-row conditional and denominator-aware descriptive model-only statistic; error rows are retained and not imputed.
no_grounding,FileHit@1,60,60,0,60,1.0,0.31666666666666665,19.0,0.31666666666666665,19,0.21305867552366523,0.44233767026176773,Completed-row conditional and denominator-aware descriptive model-only statistic; error rows are retained and not imputed.
no_grounding,FileHit@3,60,60,0,60,1.0,0.31666666666666665,19.0,0.31666666666666665,NA,NA,NA,Completed-row conditional and denominator-aware descriptive model-only statistic; error rows are retained and not imputed.
no_grounding,FileHit@5,60,60,0,60,1.0,0.31666666666666665,19.0,0.31666666666666665,NA,NA,NA,Completed-row conditional and denominator-aware descriptive model-only statistic; error rows are retained and not imputed.
no_grounding,MRR@3,60,60,0,60,1.0,0.31666666666666665,19.0,0.31666666666666665,NA,NA,NA,Completed-row conditional and denominator-aware descriptive model-only statistic; error rows are retained and not imputed.
no_grounding,RootOwnerHit,60,60,0,60,1.0,0.3,18.0,0.3,NA,NA,NA,Completed-row conditional and denominator-aware descriptive model-only statistic; error rows are retained and not imputed.
no_grounding,SymbolHit@1,60,60,0,60,1.0,0.2,12.0,0.2,NA,NA,NA,Completed-row conditional and denominator-aware descriptive model-only statistic; error rows are retained and not imputed.
no_grounding,HunkHit,60,60,0,60,1.0,0.0,0.0,0.0,NA,NA,NA,Completed-row conditional and denominator-aware descriptive model-only statistic; error rows are retained and not imputed.
no_grounding,EdgeF1,60,60,0,60,1.0,0.0,0.0,0.0,NA,NA,NA,Completed-row conditional and denominator-aware descriptive model-only statistic; error rows are retained and not imputed.
no_grounding,EvidenceRefObserved,60,60,0,60,1.0,0.4166666666666667,25.0,0.4166666666666667,NA,NA,NA,Completed-row conditional and denominator-aware descriptive model-only statistic; error rows are retained and not imputed.
no_grounding,CompleteOwnerPath,60,60,0,60,1.0,0.0,0.0,0.0,NA,NA,NA,Completed-row conditional and denominator-aware descriptive model-only statistic; error rows are retained and not imputed.
no_grounding,CreditedEvidenceRefObserved,60,60,0,60,1.0,0.4166666666666667,25.0,0.4166666666666667,NA,NA,NA,Completed-row conditional and denominator-aware descriptive model-only statistic; error rows are retained and not imputed.
no_grounding,TraceComplete,60,60,0,60,1.0,1.0,60.0,1.0,NA,NA,NA,Completed-row conditional and denominator-aware descriptive model-only statistic; error rows are retained and not imputed.
no_ownership,FileHit@1,60,60,0,60,1.0,0.3,18.0,0.3,18,0.19898166138769108,0.42508707946914487,Completed-row conditional and denominator-aware descriptive model-only statistic; error rows are retained and not imputed.
no_ownership,FileHit@3,60,60,0,60,1.0,0.3333333333333333,20.0,0.3333333333333333,NA,NA,NA,Completed-row conditional and denominator-aware descriptive model-only statistic; error rows are retained and not imputed.
no_ownership,FileHit@5,60,60,0,60,1.0,0.3333333333333333,20.0,0.3333333333333333,NA,NA,NA,Completed-row conditional and denominator-aware descriptive model-only statistic; error rows are retained and not imputed.
no_ownership,MRR@3,60,60,0,60,1.0,0.3138888888888889,18.833333333333332,0.3138888888888889,NA,NA,NA,Completed-row conditional and denominator-aware descriptive model-only statistic; error rows are retained and not imputed.
no_ownership,RootOwnerHit,60,60,0,60,1.0,0.2833333333333333,17.0,0.2833333333333333,NA,NA,NA,Completed-row conditional and denominator-aware descriptive model-only statistic; error rows are retained and not imputed.
no_ownership,SymbolHit@1,60,60,0,60,1.0,0.16666666666666666,10.0,0.16666666666666666,NA,NA,NA,Completed-row conditional and denominator-aware descriptive model-only statistic; error rows are retained and not imputed.
no_ownership,HunkHit,60,60,0,60,1.0,0.0,0.0,0.0,NA,NA,NA,Completed-row conditional and denominator-aware descriptive model-only statistic; error rows are retained and not imputed.
no_ownership,EdgeF1,60,60,0,60,1.0,0.0,0.0,0.0,NA,NA,NA,Completed-row conditional and denominator-aware descriptive model-only statistic; error rows are retained and not imputed.
no_ownership,EvidenceRefObserved,60,60,0,60,1.0,0.23333333333333334,14.0,0.23333333333333334,NA,NA,NA,Completed-row conditional and denominator-aware descriptive model-only statistic; error rows are retained and not imputed.
no_ownership,CompleteOwnerPath,60,60,0,60,1.0,0.0,0.0,0.0,NA,NA,NA,Completed-row conditional and denominator-aware descriptive model-only statistic; error rows are retained and not imputed.
no_ownership,CreditedEvidenceRefObserved,60,60,0,60,1.0,0.21666666666666667,13.0,0.21666666666666667,NA,NA,NA,Completed-row conditional and denominator-aware descriptive model-only statistic; error rows are retained and not imputed.
no_ownership,TraceComplete,60,60,0,60,1.0,1.0,60.0,1.0,NA,NA,NA,Completed-row conditional and denominator-aware descriptive model-only statistic; error rows are retained and not imputed.
no_contradiction,FileHit@1,60,60,0,60,1.0,0.31666666666666665,19.0,0.31666666666666665,19,0.21305867552366523,0.44233767026176773,Completed-row conditional and denominator-aware descriptive model-only statistic; error rows are retained and not imputed.
no_contradiction,FileHit@3,60,60,0,60,1.0,0.31666666666666665,19.0,0.31666666666666665,NA,NA,NA,Completed-row conditional and denominator-aware descriptive model-only statistic; error rows are retained and not imputed.
no_contradiction,FileHit@5,60,60,0,60,1.0,0.31666666666666665,19.0,0.31666666666666665,NA,NA,NA,Completed-row conditional and denominator-aware descriptive model-only statistic; error rows are retained and not imputed.
no_contradiction,MRR@3,60,60,0,60,1.0,0.31666666666666665,19.0,0.31666666666666665,NA,NA,NA,Completed-row conditional and denominator-aware descriptive model-only statistic; error rows are retained and not imputed.
no_contradiction,RootOwnerHit,60,60,0,60,1.0,0.3,18.0,0.3,NA,NA,NA,Completed-row conditional and denominator-aware descriptive model-only statistic; error rows are retained and not imputed.
no_contradiction,SymbolHit@1,60,60,0,60,1.0,0.16666666666666666,10.0,0.16666666666666666,NA,NA,NA,Completed-row conditional and denominator-aware descriptive model-only statistic; error rows are retained and not imputed.
no_contradiction,HunkHit,60,60,0,60,1.0,0.016666666666666666,1.0,0.016666666666666666,NA,NA,NA,Completed-row conditional and denominator-aware descriptive model-only statistic; error rows are retained and not imputed.
no_contradiction,EdgeF1,60,60,0,60,1.0,0.0,0.0,0.0,NA,NA,NA,Completed-row conditional and denominator-aware descriptive model-only statistic; error rows are retained and not imputed.
no_contradiction,EvidenceRefObserved,60,60,0,60,1.0,0.3333333333333333,20.0,0.3333333333333333,NA,NA,NA,Completed-row conditional and denominator-aware descriptive model-only statistic; error rows are retained and not imputed.
no_contradiction,CompleteOwnerPath,60,60,0,60,1.0,0.0,0.0,0.0,NA,NA,NA,Completed-row conditional and denominator-aware descriptive model-only statistic; error rows are retained and not imputed.
no_contradiction,CreditedEvidenceRefObserved,60,60,0,60,1.0,0.31666666666666665,19.0,0.31666666666666665,NA,NA,NA,Completed-row conditional and denominator-aware descriptive model-only statistic; error rows are retained and not imputed.
no_contradiction,TraceComplete,60,60,0,60,1.0,1.0,60.0,1.0,NA,NA,NA,Completed-row conditional and denominator-aware descriptive model-only statistic; error rows are retained and not imputed.
no_detour,FileHit@1,60,60,0,60,1.0,0.3,18.0,0.3,18,0.19898166138769108,0.42508707946914487,Completed-row conditional and denominator-aware descriptive model-only statistic; error rows are retained and not imputed.
no_detour,FileHit@3,60,60,0,60,1.0,0.31666666666666665,19.0,0.31666666666666665,NA,NA,NA,Completed-row conditional and denominator-aware descriptive model-only statistic; error rows are retained and not imputed.
no_detour,FileHit@5,60,60,0,60,1.0,0.31666666666666665,19.0,0.31666666666666665,NA,NA,NA,Completed-row conditional and denominator-aware descriptive model-only statistic; error rows are retained and not imputed.
no_detour,MRR@3,60,60,0,60,1.0,0.30833333333333335,18.5,0.30833333333333335,NA,NA,NA,Completed-row conditional and denominator-aware descriptive model-only statistic; error rows are retained and not imputed.
no_detour,RootOwnerHit,60,60,0,60,1.0,0.2833333333333333,17.0,0.2833333333333333,NA,NA,NA,Completed-row conditional and denominator-aware descriptive model-only statistic; error rows are retained and not imputed.
no_detour,SymbolHit@1,60,60,0,60,1.0,0.18333333333333332,11.0,0.18333333333333332,NA,NA,NA,Completed-row conditional and denominator-aware descriptive model-only statistic; error rows are retained and not imputed.
no_detour,HunkHit,60,60,0,60,1.0,0.0,0.0,0.0,NA,NA,NA,Completed-row conditional and denominator-aware descriptive model-only statistic; error rows are retained and not imputed.
no_detour,EdgeF1,60,60,0,60,1.0,0.0,0.0,0.0,NA,NA,NA,Completed-row conditional and denominator-aware descriptive model-only statistic; error rows are retained and not imputed.
no_detour,EvidenceRefObserved,60,60,0,60,1.0,0.3,18.0,0.3,NA,NA,NA,Completed-row conditional and denominator-aware descriptive model-only statistic; error rows are retained and not imputed.
no_detour,CompleteOwnerPath,60,60,0,60,1.0,0.0,0.0,0.0,NA,NA,NA,Completed-row conditional and denominator-aware descriptive model-only statistic; error rows are retained and not imputed.
no_detour,CreditedEvidenceRefObserved,60,60,0,60,1.0,0.3,18.0,0.3,NA,NA,NA,Completed-row conditional and denominator-aware descriptive model-only statistic; error rows are retained and not imputed.
no_detour,TraceComplete,60,60,0,60,1.0,1.0,60.0,1.0,NA,NA,NA,Completed-row conditional and denominator-aware descriptive model-only statistic; error rows are retained and not imputed.
no_path_verifier,FileHit@1,60,60,0,60,1.0,0.3,18.0,0.3,18,0.19898166138769108,0.42508707946914487,Completed-row conditional and denominator-aware descriptive model-only statistic; error rows are retained and not imputed.
no_path_verifier,FileHit@3,60,60,0,60,1.0,0.31666666666666665,19.0,0.31666666666666665,NA,NA,NA,Completed-row conditional and denominator-aware descriptive model-only statistic; error rows are retained and not imputed.
no_path_verifier,FileHit@5,60,60,0,60,1.0,0.31666666666666665,19.0,0.31666666666666665,NA,NA,NA,Completed-row conditional and denominator-aware descriptive model-only statistic; error rows are retained and not imputed.
no_path_verifier,MRR@3,60,60,0,60,1.0,0.30833333333333335,18.5,0.30833333333333335,NA,NA,NA,Completed-row conditional and denominator-aware descriptive model-only statistic; error rows are retained and not imputed.
no_path_verifier,RootOwnerHit,60,60,0,60,1.0,0.2833333333333333,17.0,0.2833333333333333,NA,NA,NA,Completed-row conditional and denominator-aware descriptive model-only statistic; error rows are retained and not imputed.
no_path_verifier,SymbolHit@1,60,60,0,60,1.0,0.16666666666666666,10.0,0.16666666666666666,NA,NA,NA,Completed-row conditional and denominator-aware descriptive model-only statistic; error rows are retained and not imputed.
no_path_verifier,HunkHit,60,60,0,60,1.0,0.0,0.0,0.0,NA,NA,NA,Completed-row conditional and denominator-aware descriptive model-only statistic; error rows are retained and not imputed.
no_path_verifier,EdgeF1,60,60,0,60,1.0,0.0,0.0,0.0,NA,NA,NA,Completed-row conditional and denominator-aware descriptive model-only statistic; error rows are retained and not imputed.
no_path_verifier,EvidenceRefObserved,60,60,0,60,1.0,0.3,18.0,0.3,NA,NA,NA,Completed-row conditional and denominator-aware descriptive model-only statistic; error rows are retained and not imputed.
no_path_verifier,CompleteOwnerPath,60,60,0,60,1.0,0.0,0.0,0.0,NA,NA,NA,Completed-row conditional and denominator-aware descriptive model-only statistic; error rows are retained and not imputed.
no_path_verifier,CreditedEvidenceRefObserved,60,60,0,60,1.0,0.3,18.0,0.3,NA,NA,NA,Completed-row conditional and denominator-aware descriptive model-only statistic; error rows are retained and not imputed.
no_path_verifier,TraceComplete,60,60,0,60,1.0,1.0,60.0,1.0,NA,NA,NA,Completed-row conditional and denominator-aware descriptive model-only statistic; error rows are retained and not imputed.
no_memory,FileHit@1,60,58,2,58,0.9666666666666667,0.3275862068965517,19.0,0.31666666666666665,19,0.22083291084926074,0.455759453215292,Completed-row conditional and denominator-aware descriptive model-only statistic; error rows are retained and not imputed.
no_memory,FileHit@3,60,58,2,58,0.9666666666666667,0.3275862068965517,19.0,0.31666666666666665,NA,NA,NA,Completed-row conditional and denominator-aware descriptive model-only statistic; error rows are retained and not imputed.
no_memory,FileHit@5,60,58,2,58,0.9666666666666667,0.3275862068965517,19.0,0.31666666666666665,NA,NA,NA,Completed-row conditional and denominator-aware descriptive model-only statistic; error rows are retained and not imputed.
no_memory,MRR@3,60,58,2,58,0.9666666666666667,0.3275862068965517,19.0,0.31666666666666665,NA,NA,NA,Completed-row conditional and denominator-aware descriptive model-only statistic; error rows are retained and not imputed.
no_memory,RootOwnerHit,60,58,2,58,0.9666666666666667,0.3103448275862069,18.0,0.3,NA,NA,NA,Completed-row conditional and denominator-aware descriptive model-only statistic; error rows are retained and not imputed.
no_memory,SymbolHit@1,60,58,2,58,0.9666666666666667,0.13793103448275862,8.0,0.13333333333333333,NA,NA,NA,Completed-row conditional and denominator-aware descriptive model-only statistic; error rows are retained and not imputed.
no_memory,HunkHit,60,58,2,58,0.9666666666666667,0.0,0.0,0.0,NA,NA,NA,Completed-row conditional and denominator-aware descriptive model-only statistic; error rows are retained and not imputed.
no_memory,EdgeF1,60,58,2,58,0.9666666666666667,0.0,0.0,0.0,NA,NA,NA,Completed-row conditional and denominator-aware descriptive model-only statistic; error rows are retained and not imputed.
no_memory,EvidenceRefObserved,60,58,2,58,0.9666666666666667,0.3275862068965517,19.0,0.31666666666666665,NA,NA,NA,Completed-row conditional and denominator-aware descriptive model-only statistic; error rows are retained and not imputed.
no_memory,CompleteOwnerPath,60,58,2,58,0.9666666666666667,0.0,0.0,0.0,NA,NA,NA,Completed-row conditional and denominator-aware descriptive model-only statistic; error rows are retained and not imputed.
no_memory,CreditedEvidenceRefObserved,60,58,2,58,0.9666666666666667,0.3103448275862069,18.0,0.3,NA,NA,NA,Completed-row conditional and denominator-aware descriptive model-only statistic; error rows are retained and not imputed.
no_memory,TraceComplete,60,58,2,58,0.9666666666666667,1.0,58.0,0.9666666666666667,NA,NA,NA,Completed-row conditional and denominator-aware descriptive model-only statistic; error rows are retained and not imputed.
no_abstention,FileHit@1,60,59,1,59,0.9833333333333333,0.3050847457627119,18.0,0.3,18,0.20253631980116063,0.4314632653194519,Completed-row conditional and denominator-aware descriptive model-only statistic; error rows are retained and not imputed.
no_abstention,FileHit@3,60,59,1,59,0.9833333333333333,0.3220338983050847,19.0,0.31666666666666665,NA,NA,NA,Completed-row conditional and denominator-aware descriptive model-only statistic; error rows are retained and not imputed.
no_abstention,FileHit@5,60,59,1,59,0.9833333333333333,0.3220338983050847,19.0,0.31666666666666665,NA,NA,NA,Completed-row conditional and denominator-aware descriptive model-only statistic; error rows are retained and not imputed.
no_abstention,MRR@3,60,59,1,59,0.9833333333333333,0.3135593220338983,18.5,0.30833333333333335,NA,NA,NA,Completed-row conditional and denominator-aware descriptive model-only statistic; error rows are retained and not imputed.
no_abstention,RootOwnerHit,60,59,1,59,0.9833333333333333,0.288135593220339,17.0,0.2833333333333333,NA,NA,NA,Completed-row conditional and denominator-aware descriptive model-only statistic; error rows are retained and not imputed.
no_abstention,SymbolHit@1,60,59,1,59,0.9833333333333333,0.15254237288135594,9.0,0.15,NA,NA,NA,Completed-row conditional and denominator-aware descriptive model-only statistic; error rows are retained and not imputed.
no_abstention,HunkHit,60,59,1,59,0.9833333333333333,0.0,0.0,0.0,NA,NA,NA,Completed-row conditional and denominator-aware descriptive model-only statistic; error rows are retained and not imputed.
no_abstention,EdgeF1,60,59,1,59,0.9833333333333333,0.0,0.0,0.0,NA,NA,NA,Completed-row conditional and denominator-aware descriptive model-only statistic; error rows are retained and not imputed.
no_abstention,EvidenceRefObserved,60,59,1,59,0.9833333333333333,0.4576271186440678,27.0,0.45,NA,NA,NA,Completed-row conditional and denominator-aware descriptive model-only statistic; error rows are retained and not imputed.
no_abstention,CompleteOwnerPath,60,59,1,59,0.9833333333333333,0.0,0.0,0.0,NA,NA,NA,Completed-row conditional and denominator-aware descriptive model-only statistic; error rows are retained and not imputed.
no_abstention,CreditedEvidenceRefObserved,60,59,1,59,0.9833333333333333,0.4576271186440678,27.0,0.45,NA,NA,NA,Completed-row conditional and denominator-aware descriptive model-only statistic; error rows are retained and not imputed.
no_abstention,TraceComplete,60,59,1,59,0.9833333333333333,1.0,59.0,0.9833333333333333,NA,NA,NA,Completed-row conditional and denominator-aware descriptive model-only statistic; error rows are retained and not imputed.
majority_vote_controller,FileHit@1,60,60,0,60,1.0,0.2833333333333333,17.0,0.2833333333333333,17,0.18506828428432714,0.4076728516439118,Completed-row conditional and denominator-aware descriptive model-only statistic; error rows are retained and not imputed.
majority_vote_controller,FileHit@3,60,60,0,60,1.0,0.3,18.0,0.3,NA,NA,NA,Completed-row conditional and denominator-aware descriptive model-only statistic; error rows are retained and not imputed.
majority_vote_controller,FileHit@5,60,60,0,60,1.0,0.3,18.0,0.3,NA,NA,NA,Completed-row conditional and denominator-aware descriptive model-only statistic; error rows are retained and not imputed.
majority_vote_controller,MRR@3,60,60,0,60,1.0,0.2916666666666667,17.5,0.2916666666666667,NA,NA,NA,Completed-row conditional and denominator-aware descriptive model-only statistic; error rows are retained and not imputed.
majority_vote_controller,RootOwnerHit,60,60,0,60,1.0,0.2833333333333333,17.0,0.2833333333333333,NA,NA,NA,Completed-row conditional and denominator-aware descriptive model-only statistic; error rows are retained and not imputed.
majority_vote_controller,SymbolHit@1,60,60,0,60,1.0,0.15,9.0,0.15,NA,NA,NA,Completed-row conditional and denominator-aware descriptive model-only statistic; error rows are retained and not imputed.
majority_vote_controller,HunkHit,60,60,0,60,1.0,0.0,0.0,0.0,NA,NA,NA,Completed-row conditional and denominator-aware descriptive model-only statistic; error rows are retained and not imputed.
majority_vote_controller,EdgeF1,60,60,0,60,1.0,0.0,0.0,0.0,NA,NA,NA,Completed-row conditional and denominator-aware descriptive model-only statistic; error rows are retained and not imputed.
majority_vote_controller,EvidenceRefObserved,60,60,0,60,1.0,0.2833333333333333,17.0,0.2833333333333333,NA,NA,NA,Completed-row conditional and denominator-aware descriptive model-only statistic; error rows are retained and not imputed.
majority_vote_controller,CompleteOwnerPath,60,60,0,60,1.0,0.0,0.0,0.0,NA,NA,NA,Completed-row conditional and denominator-aware descriptive model-only statistic; error rows are retained and not imputed.
majority_vote_controller,CreditedEvidenceRefObserved,60,60,0,60,1.0,0.2833333333333333,17.0,0.2833333333333333,NA,NA,NA,Completed-row conditional and denominator-aware descriptive model-only statistic; error rows are retained and not imputed.
majority_vote_controller,TraceComplete,60,60,0,60,1.0,1.0,60.0,1.0,NA,NA,NA,Completed-row conditional and denominator-aware descriptive model-only statistic; error rows are retained and not imputed.
