instance_id,replicate,fork_id,natural_file_hit_1,identifier_mutation_file_hit_1,delta_file_hit_1,natural_file_hit_3,identifier_mutation_file_hit_3,delta_file_hit_3,natural_file_hit_5,identifier_mutation_file_hit_5,delta_file_hit_5,natural_total_tokens,identifier_mutation_total_tokens,delta_total_tokens
instance_ansible__ansible-106909db8b730480615f4a33de0eb5b710944e78-v0f01c69f1e2528b935359cfe578530722bca2c59,1,pinai_phase1_tool_search_20260912_shard0_v1:phase1_v2_phase1_v2_task_017_luna_tool_search_r1:resp_0d8df0a81ef2c9ee016aa2fcd09a1087d1be195686088248ff:identifier_mutation:1,1,1,0,1,1,0,1,1,0,2597,6671,4074
instance_ansible__ansible-106909db8b730480615f4a33de0eb5b710944e78-v0f01c69f1e2528b935359cfe578530722bca2c59,2,pinai_phase1_tool_search_20260912_shard0_v1:phase1_v2_phase1_v2_task_017_luna_tool_search_r1:resp_0d8df0a81ef2c9ee016aa2fcd09a1087d1be195686088248ff:identifier_mutation:2,0,1,1,0,1,1,0,1,1,2394,6661,4267
instance_ansible__ansible-106909db8b730480615f4a33de0eb5b710944e78-v0f01c69f1e2528b935359cfe578530722bca2c59,3,pinai_phase1_tool_search_20260912_shard0_v1:phase1_v2_phase1_v2_task_017_luna_tool_search_r1:resp_0d8df0a81ef2c9ee016aa2fcd09a1087d1be195686088248ff:identifier_mutation:3,1,1,0,1,1,0,1,1,0,2537,6665,4128
instance_ansible__ansible-29aea9ff3466e4cd2ed00524b9e56738d568ce8b-vba6da65a0f3baefda7a058ebbd0a8dcafb8512f5,1,pinai_phase1_tool_search_20260912_shard0_v1:phase1_v2_phase1_v2_task_019_luna_tool_search_r1:resp_054cc87cfa78c223016aa2fd251c7887d19176d1a43ef7415c:identifier_mutation:1,0,0,0,1,1,0,1,1,0,2675,6307,3632
instance_ansible__ansible-29aea9ff3466e4cd2ed00524b9e56738d568ce8b-vba6da65a0f3baefda7a058ebbd0a8dcafb8512f5,2,pinai_phase1_tool_search_20260912_shard0_v1:phase1_v2_phase1_v2_task_019_luna_tool_search_r1:resp_054cc87cfa78c223016aa2fd251c7887d19176d1a43ef7415c:identifier_mutation:2,0,0,0,1,1,0,1,1,0,2685,6108,3423
instance_ansible__ansible-29aea9ff3466e4cd2ed00524b9e56738d568ce8b-vba6da65a0f3baefda7a058ebbd0a8dcafb8512f5,3,pinai_phase1_tool_search_20260912_shard0_v1:phase1_v2_phase1_v2_task_019_luna_tool_search_r1:resp_054cc87cfa78c223016aa2fd251c7887d19176d1a43ef7415c:identifier_mutation:3,0,0,0,1,1,0,1,1,0,2628,6136,3508
instance_ansible__ansible-9142be2f6cabbe6597c9254c5bb9186d17036d55-v0f01c69f1e2528b935359cfe578530722bca2c59,1,pinai_phase1_tool_search_20260912_shard0_v1:phase1_v2_phase1_v2_task_023_luna_tool_search_r1:resp_04a1208b51607be3016aa2fddbce7c87d19dd3e9b593e5fe96:identifier_mutation:1,1,1,0,1,1,0,1,1,0,2460,6493,4033
instance_ansible__ansible-9142be2f6cabbe6597c9254c5bb9186d17036d55-v0f01c69f1e2528b935359cfe578530722bca2c59,2,pinai_phase1_tool_search_20260912_shard0_v1:phase1_v2_phase1_v2_task_023_luna_tool_search_r1:resp_04a1208b51607be3016aa2fddbce7c87d19dd3e9b593e5fe96:identifier_mutation:2,1,1,0,1,1,0,1,1,0,2471,6512,4041
instance_ansible__ansible-9142be2f6cabbe6597c9254c5bb9186d17036d55-v0f01c69f1e2528b935359cfe578530722bca2c59,3,pinai_phase1_tool_search_20260912_shard0_v1:phase1_v2_phase1_v2_task_023_luna_tool_search_r1:resp_04a1208b51607be3016aa2fddbce7c87d19dd3e9b593e5fe96:identifier_mutation:3,1,1,0,1,1,0,1,1,0,2560,6357,3797
instance_ansible__ansible-949c503f2ef4b2c5d668af0492a5c0db1ab86140-v0f01c69f1e2528b935359cfe578530722bca2c59,1,pinai_phase1_tool_search_20260912_shard0_v1:phase1_v2_phase1_v2_task_001_luna_tool_search_r1:resp_0e9b974788ac923f016aa2fa533e9487d1b1399de1e1744e2d:identifier_mutation:1,1,1,0,1,1,0,1,1,0,2547,5880,3333
instance_ansible__ansible-949c503f2ef4b2c5d668af0492a5c0db1ab86140-v0f01c69f1e2528b935359cfe578530722bca2c59,2,pinai_phase1_tool_search_20260912_shard0_v1:phase1_v2_phase1_v2_task_001_luna_tool_search_r1:resp_0e9b974788ac923f016aa2fa533e9487d1b1399de1e1744e2d:identifier_mutation:2,0,1,1,0,1,1,0,1,1,2310,6115,3805
instance_ansible__ansible-949c503f2ef4b2c5d668af0492a5c0db1ab86140-v0f01c69f1e2528b935359cfe578530722bca2c59,3,pinai_phase1_tool_search_20260912_shard0_v1:phase1_v2_phase1_v2_task_001_luna_tool_search_r1:resp_0e9b974788ac923f016aa2fa533e9487d1b1399de1e1744e2d:identifier_mutation:3,0,1,1,0,1,1,0,1,1,2217,6276,4059
instance_ansible__ansible-9a21e247786ebd294dafafca1105fcd770ff46c6-v67cdaa49f89b34e42b69d5b7830b3c3ad3d8803f,1,pinai_phase1_tool_search_20260912_shard0_v1:phase1_v2_phase1_v2_task_022_luna_tool_search_r1:resp_086908a3125a1af5016aa2fdaa613887d0ac87cc11090aabbb:identifier_mutation:1,1,1,0,1,1,0,1,1,0,2285,6475,4190
instance_ansible__ansible-9a21e247786ebd294dafafca1105fcd770ff46c6-v67cdaa49f89b34e42b69d5b7830b3c3ad3d8803f,2,pinai_phase1_tool_search_20260912_shard0_v1:phase1_v2_phase1_v2_task_022_luna_tool_search_r1:resp_086908a3125a1af5016aa2fdaa613887d0ac87cc11090aabbb:identifier_mutation:2,1,1,0,1,1,0,1,1,0,2251,6303,4052
instance_ansible__ansible-9a21e247786ebd294dafafca1105fcd770ff46c6-v67cdaa49f89b34e42b69d5b7830b3c3ad3d8803f,3,pinai_phase1_tool_search_20260912_shard0_v1:phase1_v2_phase1_v2_task_022_luna_tool_search_r1:resp_086908a3125a1af5016aa2fdaa613887d0ac87cc11090aabbb:identifier_mutation:3,1,1,0,1,1,0,1,1,0,2266,6446,4180
instance_ansible__ansible-de01db08d00c8d2438e1ba5989c313ba16a145b0-vba6da65a0f3baefda7a058ebbd0a8dcafb8512f5,1,pinai_phase1_tool_search_20260912_shard1_v1:phase1_v2_phase1_v2_task_039_luna_tool_search_r1:resp_05ffc0b6b14326fb016aa2fbb9324887d2b77611b38e69469e:identifier_mutation:1,0,0,0,0,0,0,0,0,0,2322,5491,3169
instance_ansible__ansible-de01db08d00c8d2438e1ba5989c313ba16a145b0-vba6da65a0f3baefda7a058ebbd0a8dcafb8512f5,2,pinai_phase1_tool_search_20260912_shard1_v1:phase1_v2_phase1_v2_task_039_luna_tool_search_r1:resp_05ffc0b6b14326fb016aa2fbb9324887d2b77611b38e69469e:identifier_mutation:2,0,0,0,0,0,0,0,0,0,2231,5670,3439
instance_ansible__ansible-de01db08d00c8d2438e1ba5989c313ba16a145b0-vba6da65a0f3baefda7a058ebbd0a8dcafb8512f5,3,pinai_phase1_tool_search_20260912_shard1_v1:phase1_v2_phase1_v2_task_039_luna_tool_search_r1:resp_05ffc0b6b14326fb016aa2fbb9324887d2b77611b38e69469e:identifier_mutation:3,0,0,0,0,0,0,0,0,0,2329,5515,3186
instance_ansible__ansible-e0c91af45fa9af575d10fd3e724ebc59d2b2d6ac-v30a923fb5c164d6cd18280c02422f75e611e8fb2,1,pinai_phase1_tool_search_20260912_shard0_v1:phase1_v2_phase1_v2_task_004_luna_tool_search_r1:resp_0c58d9d4423061ac016aa2fad9b7ec87d0806f0dfcc611842a:identifier_mutation:1,1,1,0,1,1,0,1,1,0,1994,6026,4032
instance_ansible__ansible-e0c91af45fa9af575d10fd3e724ebc59d2b2d6ac-v30a923fb5c164d6cd18280c02422f75e611e8fb2,2,pinai_phase1_tool_search_20260912_shard0_v1:phase1_v2_phase1_v2_task_004_luna_tool_search_r1:resp_0c58d9d4423061ac016aa2fad9b7ec87d0806f0dfcc611842a:identifier_mutation:2,1,1,0,1,1,0,1,1,0,2034,5991,3957
instance_ansible__ansible-e0c91af45fa9af575d10fd3e724ebc59d2b2d6ac-v30a923fb5c164d6cd18280c02422f75e611e8fb2,3,pinai_phase1_tool_search_20260912_shard0_v1:phase1_v2_phase1_v2_task_004_luna_tool_search_r1:resp_0c58d9d4423061ac016aa2fad9b7ec87d0806f0dfcc611842a:identifier_mutation:3,1,1,0,1,1,0,1,1,0,1972,5980,4008
instance_ansible__ansible-ea04e0048dbb3b63f876aad7020e1de8eee9f362-v1055803c3a812189a1133297f7f5468579283f86,1,pinai_phase1_tool_search_20260912_shard1_v1:phase1_v2_phase1_v2_task_033_luna_tool_search_r1:resp_0ba2dec2068ccfa4016aa2fa8f07d887d08cbddb715693a8f1:identifier_mutation:1,0,0,0,1,0,-1,1,1,0,2659,6282,3623
instance_ansible__ansible-ea04e0048dbb3b63f876aad7020e1de8eee9f362-v1055803c3a812189a1133297f7f5468579283f86,2,pinai_phase1_tool_search_20260912_shard1_v1:phase1_v2_phase1_v2_task_033_luna_tool_search_r1:resp_0ba2dec2068ccfa4016aa2fa8f07d887d08cbddb715693a8f1:identifier_mutation:2,1,1,0,1,1,0,1,1,0,2629,6255,3626
instance_ansible__ansible-ea04e0048dbb3b63f876aad7020e1de8eee9f362-v1055803c3a812189a1133297f7f5468579283f86,3,pinai_phase1_tool_search_20260912_shard1_v1:phase1_v2_phase1_v2_task_033_luna_tool_search_r1:resp_0ba2dec2068ccfa4016aa2fa8f07d887d08cbddb715693a8f1:identifier_mutation:3,0,0,0,1,0,-1,1,1,0,2651,6208,3557
instance_ansible__ansible-f86c58e2d235d8b96029d102c71ee2dfafd57997-v0f01c69f1e2528b935359cfe578530722bca2c59,1,pinai_phase1_tool_search_20260912_shard0_v1:phase1_v2_phase1_v2_task_014_luna_tool_search_r1:resp_01fc181ce23510f9016aa2fc689ef887d28ec6f8db3a1ad774:identifier_mutation:1,0,0,0,0,0,0,0,0,0,2254,6251,3997
instance_ansible__ansible-f86c58e2d235d8b96029d102c71ee2dfafd57997-v0f01c69f1e2528b935359cfe578530722bca2c59,2,pinai_phase1_tool_search_20260912_shard0_v1:phase1_v2_phase1_v2_task_014_luna_tool_search_r1:resp_01fc181ce23510f9016aa2fc689ef887d28ec6f8db3a1ad774:identifier_mutation:2,0,0,0,0,0,0,0,0,0,2278,6198,3920
instance_ansible__ansible-f86c58e2d235d8b96029d102c71ee2dfafd57997-v0f01c69f1e2528b935359cfe578530722bca2c59,3,pinai_phase1_tool_search_20260912_shard0_v1:phase1_v2_phase1_v2_task_014_luna_tool_search_r1:resp_01fc181ce23510f9016aa2fc689ef887d28ec6f8db3a1ad774:identifier_mutation:3,0,0,0,0,0,0,0,0,0,2286,6244,3958
instance_ansible__ansible-f8ef34672b961a95ec7282643679492862c688ec-vba6da65a0f3baefda7a058ebbd0a8dcafb8512f5,1,pinai_phase1_tool_search_20260912_shard0_v1:phase1_v2_phase1_v2_task_011_luna_tool_search_r1:resp_03b7e8c9b6d553cf016aa2fbdcbaa487d0801999660ebebad8:identifier_mutation:1,1,1,0,1,1,0,1,1,0,2850,6151,3301
instance_ansible__ansible-f8ef34672b961a95ec7282643679492862c688ec-vba6da65a0f3baefda7a058ebbd0a8dcafb8512f5,2,pinai_phase1_tool_search_20260912_shard0_v1:phase1_v2_phase1_v2_task_011_luna_tool_search_r1:resp_03b7e8c9b6d553cf016aa2fbdcbaa487d0801999660ebebad8:identifier_mutation:2,1,1,0,1,1,0,1,1,0,2800,6339,3539
instance_ansible__ansible-f8ef34672b961a95ec7282643679492862c688ec-vba6da65a0f3baefda7a058ebbd0a8dcafb8512f5,3,pinai_phase1_tool_search_20260912_shard0_v1:phase1_v2_phase1_v2_task_011_luna_tool_search_r1:resp_03b7e8c9b6d553cf016aa2fbdcbaa487d0801999660ebebad8:identifier_mutation:3,0,1,1,0,1,1,0,1,1,2579,6349,3770
instance_ansible__ansible-fb144c44144f8bd3542e71f5db62b6d322c7bd85-vba6da65a0f3baefda7a058ebbd0a8dcafb8512f5,1,pinai_phase1_tool_search_20260912_shard0_v1:phase1_v2_phase1_v2_task_021_luna_tool_search_r1:resp_05f05ad3a849c61c016aa2fd6edb7887d2b0034fdefb44b888:identifier_mutation:1,1,1,0,1,1,0,1,1,0,2511,6301,3790
instance_ansible__ansible-fb144c44144f8bd3542e71f5db62b6d322c7bd85-vba6da65a0f3baefda7a058ebbd0a8dcafb8512f5,2,pinai_phase1_tool_search_20260912_shard0_v1:phase1_v2_phase1_v2_task_021_luna_tool_search_r1:resp_05f05ad3a849c61c016aa2fd6edb7887d2b0034fdefb44b888:identifier_mutation:2,0,1,1,0,1,1,0,1,1,2322,6231,3909
instance_ansible__ansible-fb144c44144f8bd3542e71f5db62b6d322c7bd85-vba6da65a0f3baefda7a058ebbd0a8dcafb8512f5,3,pinai_phase1_tool_search_20260912_shard0_v1:phase1_v2_phase1_v2_task_021_luna_tool_search_r1:resp_05f05ad3a849c61c016aa2fd6edb7887d2b0034fdefb44b888:identifier_mutation:3,1,1,0,1,1,0,1,1,0,2531,6237,3706
instance_internetarchive__openlibrary-00bec1e7c8f3272c469a58e1377df03f955ed478-v13642507b4fc1f8d234172bf8129942da2c2ca26,1,pinai_phase1_tool_search_20260912_shard1_v1:phase1_v2_phase1_v2_task_045_luna_tool_search_r1:resp_03238fca611e715f016aa2fcae041087d2a6274eb19c06d4b2:identifier_mutation:1,0,1,1,0,1,1,0,1,1,2089,6162,4073
instance_internetarchive__openlibrary-00bec1e7c8f3272c469a58e1377df03f955ed478-v13642507b4fc1f8d234172bf8129942da2c2ca26,2,pinai_phase1_tool_search_20260912_shard1_v1:phase1_v2_phase1_v2_task_045_luna_tool_search_r1:resp_03238fca611e715f016aa2fcae041087d2a6274eb19c06d4b2:identifier_mutation:2,0,1,1,0,1,1,0,1,1,2080,6217,4137
instance_internetarchive__openlibrary-00bec1e7c8f3272c469a58e1377df03f955ed478-v13642507b4fc1f8d234172bf8129942da2c2ca26,3,pinai_phase1_tool_search_20260912_shard1_v1:phase1_v2_phase1_v2_task_045_luna_tool_search_r1:resp_03238fca611e715f016aa2fcae041087d2a6274eb19c06d4b2:identifier_mutation:3,0,1,1,0,1,1,0,1,1,2039,6309,4270
instance_internetarchive__openlibrary-0a90f9f0256e4f933523e9842799e39f95ae29ce-v76304ecdb3a5954fcf13feb710e8c40fcf24b73c,1,pinai_phase1_tool_search_20260912_shard1_v1:phase1_v2_phase1_v2_task_054_luna_tool_search_r1:resp_05bd08c3c8e7bd5a016aa2fe037c6487d08e66986ac7d6f6a5:identifier_mutation:1,0,0,0,0,1,1,0,1,1,2056,6091,4035
instance_internetarchive__openlibrary-0a90f9f0256e4f933523e9842799e39f95ae29ce-v76304ecdb3a5954fcf13feb710e8c40fcf24b73c,2,pinai_phase1_tool_search_20260912_shard1_v1:phase1_v2_phase1_v2_task_054_luna_tool_search_r1:resp_05bd08c3c8e7bd5a016aa2fe037c6487d08e66986ac7d6f6a5:identifier_mutation:2,0,0,0,0,1,1,0,1,1,2077,6113,4036
instance_internetarchive__openlibrary-0a90f9f0256e4f933523e9842799e39f95ae29ce-v76304ecdb3a5954fcf13feb710e8c40fcf24b73c,3,pinai_phase1_tool_search_20260912_shard1_v1:phase1_v2_phase1_v2_task_054_luna_tool_search_r1:resp_05bd08c3c8e7bd5a016aa2fe037c6487d08e66986ac7d6f6a5:identifier_mutation:3,0,0,0,0,1,1,0,1,1,2069,6112,4043
instance_internetarchive__openlibrary-111347e9583372e8ef91c82e0612ea437ae3a9c9-v2d9a6c849c60ed19fd0858ce9e40b7cc8e097e59,1,pinai_phase1_tool_search_20260912_shard1_v1:phase1_v2_phase1_v2_task_053_luna_tool_search_r1:resp_03988f37afe8c10a016aa2fdcd135487d195792438818835ca:identifier_mutation:1,0,1,1,0,1,1,0,1,1,1877,5155,3278
instance_internetarchive__openlibrary-111347e9583372e8ef91c82e0612ea437ae3a9c9-v2d9a6c849c60ed19fd0858ce9e40b7cc8e097e59,2,pinai_phase1_tool_search_20260912_shard1_v1:phase1_v2_phase1_v2_task_053_luna_tool_search_r1:resp_03988f37afe8c10a016aa2fdcd135487d195792438818835ca:identifier_mutation:2,0,1,1,0,1,1,0,1,1,1897,5107,3210
instance_internetarchive__openlibrary-111347e9583372e8ef91c82e0612ea437ae3a9c9-v2d9a6c849c60ed19fd0858ce9e40b7cc8e097e59,3,pinai_phase1_tool_search_20260912_shard1_v1:phase1_v2_phase1_v2_task_053_luna_tool_search_r1:resp_03988f37afe8c10a016aa2fdcd135487d195792438818835ca:identifier_mutation:3,0,1,1,0,1,1,0,1,1,1898,5022,3124
instance_internetarchive__openlibrary-3aeec6afed9198d734b7ee1293f03ca94ff970e1-v13642507b4fc1f8d234172bf8129942da2c2ca26,1,pinai_phase1_tool_search_20260912_shard1_v1:phase1_v2_phase1_v2_task_046_luna_tool_search_r1:resp_0de99d3b27fc88a7016aa2fcde3ec887d2a54a301eedbe6319:identifier_mutation:1,0,0,0,0,0,0,0,0,0,2220,6495,4275
instance_internetarchive__openlibrary-3aeec6afed9198d734b7ee1293f03ca94ff970e1-v13642507b4fc1f8d234172bf8129942da2c2ca26,2,pinai_phase1_tool_search_20260912_shard1_v1:phase1_v2_phase1_v2_task_046_luna_tool_search_r1:resp_0de99d3b27fc88a7016aa2fcde3ec887d2a54a301eedbe6319:identifier_mutation:2,0,0,0,0,0,0,0,0,0,2254,6715,4461
instance_internetarchive__openlibrary-3aeec6afed9198d734b7ee1293f03ca94ff970e1-v13642507b4fc1f8d234172bf8129942da2c2ca26,3,pinai_phase1_tool_search_20260912_shard1_v1:phase1_v2_phase1_v2_task_046_luna_tool_search_r1:resp_0de99d3b27fc88a7016aa2fcde3ec887d2a54a301eedbe6319:identifier_mutation:3,0,0,0,0,0,0,0,0,0,2216,6711,4495
instance_internetarchive__openlibrary-3f580a5f244c299d936d73d9e327ba873b6401d9-v0f5aece3601a5b4419f7ccec1dbda2071be28ee4,1,pinai_phase1_tool_search_20260912_shard2_v1:phase1_v2_phase1_v2_task_069_luna_tool_search_r1:resp_0efbccff5b73045e016aa2fb704bd487d1a5de15a996b6e1f4:identifier_mutation:1,0,0,0,0,0,0,0,0,0,2195,5659,3464
instance_internetarchive__openlibrary-3f580a5f244c299d936d73d9e327ba873b6401d9-v0f5aece3601a5b4419f7ccec1dbda2071be28ee4,2,pinai_phase1_tool_search_20260912_shard2_v1:phase1_v2_phase1_v2_task_069_luna_tool_search_r1:resp_0efbccff5b73045e016aa2fb704bd487d1a5de15a996b6e1f4:identifier_mutation:2,0,0,0,0,0,0,0,0,0,2041,5852,3811
instance_internetarchive__openlibrary-3f580a5f244c299d936d73d9e327ba873b6401d9-v0f5aece3601a5b4419f7ccec1dbda2071be28ee4,3,pinai_phase1_tool_search_20260912_shard2_v1:phase1_v2_phase1_v2_task_069_luna_tool_search_r1:resp_0efbccff5b73045e016aa2fb704bd487d1a5de15a996b6e1f4:identifier_mutation:3,0,0,0,0,0,0,0,0,0,2165,5724,3559
instance_internetarchive__openlibrary-4a5d2a7d24c9e4c11d3069220c0685b736d5ecde-v13642507b4fc1f8d234172bf8129942da2c2ca26,1,pinai_phase1_tool_search_20260912_shard1_v1:phase1_v2_phase1_v2_task_044_luna_tool_search_r1:resp_0c301b48e6863232016aa2fc8d321487d091aa0e8a5263645a:identifier_mutation:1,0,1,1,0,1,1,0,1,1,1974,6339,4365
instance_internetarchive__openlibrary-4a5d2a7d24c9e4c11d3069220c0685b736d5ecde-v13642507b4fc1f8d234172bf8129942da2c2ca26,2,pinai_phase1_tool_search_20260912_shard1_v1:phase1_v2_phase1_v2_task_044_luna_tool_search_r1:resp_0c301b48e6863232016aa2fc8d321487d091aa0e8a5263645a:identifier_mutation:2,0,1,1,0,1,1,0,1,1,2046,6271,4225
instance_internetarchive__openlibrary-4a5d2a7d24c9e4c11d3069220c0685b736d5ecde-v13642507b4fc1f8d234172bf8129942da2c2ca26,3,pinai_phase1_tool_search_20260912_shard1_v1:phase1_v2_phase1_v2_task_044_luna_tool_search_r1:resp_0c301b48e6863232016aa2fc8d321487d091aa0e8a5263645a:identifier_mutation:3,0,1,1,0,1,1,0,1,1,2049,6319,4270
instance_internetarchive__openlibrary-53e02a22972e9253aeded0e1981e6845e1e521fe-vfa6ff903cb27f336e17654595dd900fa943dcd91,1,pinai_phase1_tool_search_20260912_shard2_v1:phase1_v2_phase1_v2_task_073_luna_tool_search_r1:resp_09a9fc5486c368a0016aa2fc21e2e887d2a73da61cd21c8d7b:identifier_mutation:1,0,0,0,0,0,0,0,0,0,2169,5078,2909
instance_internetarchive__openlibrary-53e02a22972e9253aeded0e1981e6845e1e521fe-vfa6ff903cb27f336e17654595dd900fa943dcd91,2,pinai_phase1_tool_search_20260912_shard2_v1:phase1_v2_phase1_v2_task_073_luna_tool_search_r1:resp_09a9fc5486c368a0016aa2fc21e2e887d2a73da61cd21c8d7b:identifier_mutation:2,0,0,0,0,0,0,0,0,0,2136,5025,2889
instance_internetarchive__openlibrary-53e02a22972e9253aeded0e1981e6845e1e521fe-vfa6ff903cb27f336e17654595dd900fa943dcd91,3,pinai_phase1_tool_search_20260912_shard2_v1:phase1_v2_phase1_v2_task_073_luna_tool_search_r1:resp_09a9fc5486c368a0016aa2fc21e2e887d2a73da61cd21c8d7b:identifier_mutation:3,0,0,0,0,0,0,0,0,0,2216,5226,3010
instance_internetarchive__openlibrary-7c8dc180281491ccaa1b4b43518506323750d1e4-v298a7a812ceed28c4c18355a091f1b268fe56d86,1,pinai_phase1_tool_search_20260912_shard2_v1:phase1_v2_phase1_v2_task_063_luna_tool_search_r1:resp_099681d1db84dfc4016aa2fa7d1f0087d192093f32a598f2d3:identifier_mutation:1,1,1,0,1,1,0,1,1,0,2266,6552,4286
instance_internetarchive__openlibrary-7c8dc180281491ccaa1b4b43518506323750d1e4-v298a7a812ceed28c4c18355a091f1b268fe56d86,2,pinai_phase1_tool_search_20260912_shard2_v1:phase1_v2_phase1_v2_task_063_luna_tool_search_r1:resp_099681d1db84dfc4016aa2fa7d1f0087d192093f32a598f2d3:identifier_mutation:2,1,1,0,1,1,0,1,1,0,2276,6474,4198
instance_internetarchive__openlibrary-7c8dc180281491ccaa1b4b43518506323750d1e4-v298a7a812ceed28c4c18355a091f1b268fe56d86,3,pinai_phase1_tool_search_20260912_shard2_v1:phase1_v2_phase1_v2_task_063_luna_tool_search_r1:resp_099681d1db84dfc4016aa2fa7d1f0087d192093f32a598f2d3:identifier_mutation:3,1,1,0,1,1,0,1,1,0,2320,6493,4173
instance_internetarchive__openlibrary-7edd1ef09d91fe0b435707633c5cc9af41dedddf-v76304ecdb3a5954fcf13feb710e8c40fcf24b73c,1,pinai_phase1_tool_search_20260912_shard2_v1:phase1_v2_phase1_v2_task_067_luna_tool_search_r1:resp_03a49b4a31666c74016aa2fb14d5a887d19d0905ed789e9f85:identifier_mutation:1,0,1,1,0,1,1,0,1,1,2185,5139,2954
instance_internetarchive__openlibrary-7edd1ef09d91fe0b435707633c5cc9af41dedddf-v76304ecdb3a5954fcf13feb710e8c40fcf24b73c,2,pinai_phase1_tool_search_20260912_shard2_v1:phase1_v2_phase1_v2_task_067_luna_tool_search_r1:resp_03a49b4a31666c74016aa2fb14d5a887d19d0905ed789e9f85:identifier_mutation:2,0,1,1,0,1,1,0,1,1,2205,5199,2994
instance_internetarchive__openlibrary-7edd1ef09d91fe0b435707633c5cc9af41dedddf-v76304ecdb3a5954fcf13feb710e8c40fcf24b73c,3,pinai_phase1_tool_search_20260912_shard2_v1:phase1_v2_phase1_v2_task_067_luna_tool_search_r1:resp_03a49b4a31666c74016aa2fb14d5a887d19d0905ed789e9f85:identifier_mutation:3,0,1,1,0,1,1,0,1,1,2184,5249,3065
instance_internetarchive__openlibrary-8a9d9d323dfcf2a5b4f38d70b1108b030b20ebf3-v13642507b4fc1f8d234172bf8129942da2c2ca26,1,pinai_phase1_tool_search_20260912_shard2_v1:phase1_v2_phase1_v2_task_065_luna_tool_search_r1:resp_0902203e55ccb539016aa2fac292ac87d093fb0088e86173c9:identifier_mutation:1,0,1,1,0,1,1,0,1,1,1937,4986,3049
instance_internetarchive__openlibrary-8a9d9d323dfcf2a5b4f38d70b1108b030b20ebf3-v13642507b4fc1f8d234172bf8129942da2c2ca26,2,pinai_phase1_tool_search_20260912_shard2_v1:phase1_v2_phase1_v2_task_065_luna_tool_search_r1:resp_0902203e55ccb539016aa2fac292ac87d093fb0088e86173c9:identifier_mutation:2,0,1,1,0,1,1,0,1,1,1943,4970,3027
instance_internetarchive__openlibrary-8a9d9d323dfcf2a5b4f38d70b1108b030b20ebf3-v13642507b4fc1f8d234172bf8129942da2c2ca26,3,pinai_phase1_tool_search_20260912_shard2_v1:phase1_v2_phase1_v2_task_065_luna_tool_search_r1:resp_0902203e55ccb539016aa2fac292ac87d093fb0088e86173c9:identifier_mutation:3,0,1,1,0,1,1,0,1,1,1943,5018,3075
instance_internetarchive__openlibrary-d40ec88713dc95ea791b252f92d2f7b75e107440-v13642507b4fc1f8d234172bf8129942da2c2ca26,1,pinai_phase1_tool_search_20260912_shard1_v1:phase1_v2_phase1_v2_task_041_luna_tool_search_r1:resp_0c48a2180f432aa2016aa2fc0e5aa487d2bd38e75b6f7755da:identifier_mutation:1,1,1,0,1,1,0,1,1,0,2560,6104,3544
instance_internetarchive__openlibrary-d40ec88713dc95ea791b252f92d2f7b75e107440-v13642507b4fc1f8d234172bf8129942da2c2ca26,2,pinai_phase1_tool_search_20260912_shard1_v1:phase1_v2_phase1_v2_task_041_luna_tool_search_r1:resp_0c48a2180f432aa2016aa2fc0e5aa487d2bd38e75b6f7755da:identifier_mutation:2,1,0,-1,1,0,-1,1,0,-1,2635,5931,3296
instance_internetarchive__openlibrary-d40ec88713dc95ea791b252f92d2f7b75e107440-v13642507b4fc1f8d234172bf8129942da2c2ca26,3,pinai_phase1_tool_search_20260912_shard1_v1:phase1_v2_phase1_v2_task_041_luna_tool_search_r1:resp_0c48a2180f432aa2016aa2fc0e5aa487d2bd38e75b6f7755da:identifier_mutation:3,1,0,-1,1,0,-1,1,0,-1,2680,5992,3312
instance_internetarchive__openlibrary-d8162c226a9d576f094dc1830c4c1ffd0be2dd17-v76304ecdb3a5954fcf13feb710e8c40fcf24b73c,1,pinai_phase1_tool_search_20260912_shard1_v1:phase1_v2_phase1_v2_task_052_luna_tool_search_r1:resp_01050947deb3dbbb016aa2fd9a90c087d18b10af10a584774f:identifier_mutation:1,0,0,0,0,1,1,0,1,1,2105,5182,3077
instance_internetarchive__openlibrary-d8162c226a9d576f094dc1830c4c1ffd0be2dd17-v76304ecdb3a5954fcf13feb710e8c40fcf24b73c,2,pinai_phase1_tool_search_20260912_shard1_v1:phase1_v2_phase1_v2_task_052_luna_tool_search_r1:resp_01050947deb3dbbb016aa2fd9a90c087d18b10af10a584774f:identifier_mutation:2,0,0,0,0,1,1,0,1,1,2080,5227,3147
instance_internetarchive__openlibrary-d8162c226a9d576f094dc1830c4c1ffd0be2dd17-v76304ecdb3a5954fcf13feb710e8c40fcf24b73c,3,pinai_phase1_tool_search_20260912_shard1_v1:phase1_v2_phase1_v2_task_052_luna_tool_search_r1:resp_01050947deb3dbbb016aa2fd9a90c087d18b10af10a584774f:identifier_mutation:3,0,0,0,0,1,1,0,1,1,1955,5419,3464
instance_internetarchive__openlibrary-e1e502986a3b003899a8347ac8a7ff7b08cbfc39-v08d8e8889ec945ab821fb156c04c7d2e2810debb,1,pinai_phase1_tool_search_20260912_shard2_v1:phase1_v2_phase1_v2_task_068_luna_tool_search_r1:resp_061aef0abca2232d016aa2fb4bff9887d2a60d4f15b611debb:identifier_mutation:1,0,0,0,0,0,0,0,0,0,2377,5579,3202
instance_internetarchive__openlibrary-e1e502986a3b003899a8347ac8a7ff7b08cbfc39-v08d8e8889ec945ab821fb156c04c7d2e2810debb,2,pinai_phase1_tool_search_20260912_shard2_v1:phase1_v2_phase1_v2_task_068_luna_tool_search_r1:resp_061aef0abca2232d016aa2fb4bff9887d2a60d4f15b611debb:identifier_mutation:2,0,0,0,0,0,0,0,0,0,2186,5555,3369
instance_internetarchive__openlibrary-e1e502986a3b003899a8347ac8a7ff7b08cbfc39-v08d8e8889ec945ab821fb156c04c7d2e2810debb,3,pinai_phase1_tool_search_20260912_shard2_v1:phase1_v2_phase1_v2_task_068_luna_tool_search_r1:resp_061aef0abca2232d016aa2fb4bff9887d2a60d4f15b611debb:identifier_mutation:3,0,0,0,0,0,0,0,0,0,2180,5720,3540
instance_internetarchive__openlibrary-e8084193a895d8ee81200f49093389a3887479ce-ve8c8d62a2b60610a3c4631f5f23ed866bada9818,1,pinai_phase1_tool_search_20260912_shard1_v1:phase1_v2_phase1_v2_task_058_luna_tool_search_r1:resp_06041545876271ec016aa2fe7fc7e087d1bc866c5e5c7f1b40:identifier_mutation:1,0,1,1,0,1,1,0,1,1,1983,5410,3427
instance_internetarchive__openlibrary-e8084193a895d8ee81200f49093389a3887479ce-ve8c8d62a2b60610a3c4631f5f23ed866bada9818,2,pinai_phase1_tool_search_20260912_shard1_v1:phase1_v2_phase1_v2_task_058_luna_tool_search_r1:resp_06041545876271ec016aa2fe7fc7e087d1bc866c5e5c7f1b40:identifier_mutation:2,0,0,0,0,1,1,0,1,1,2005,5407,3402
instance_internetarchive__openlibrary-e8084193a895d8ee81200f49093389a3887479ce-ve8c8d62a2b60610a3c4631f5f23ed866bada9818,3,pinai_phase1_tool_search_20260912_shard1_v1:phase1_v2_phase1_v2_task_058_luna_tool_search_r1:resp_06041545876271ec016aa2fe7fc7e087d1bc866c5e5c7f1b40:identifier_mutation:3,1,1,0,1,1,0,1,1,0,2054,5404,3350
instance_qutebrowser__qutebrowser-0d2afd58f3d0e34af21cee7d8a3fc9d855594e9f-vnan,1,pinai_phase1_tool_search_20260912_shard3_v1:phase1_v2_phase1_v2_task_104_luna_tool_search_r1:resp_0f3573affe0ee276016aa2fc9dd8bc87d291cf0ea3442dc7fd:identifier_mutation:1,0,1,1,0,1,1,0,1,1,2249,6071,3822
instance_qutebrowser__qutebrowser-0d2afd58f3d0e34af21cee7d8a3fc9d855594e9f-vnan,2,pinai_phase1_tool_search_20260912_shard3_v1:phase1_v2_phase1_v2_task_104_luna_tool_search_r1:resp_0f3573affe0ee276016aa2fc9dd8bc87d291cf0ea3442dc7fd:identifier_mutation:2,0,1,1,0,1,1,0,1,1,2340,6255,3915
instance_qutebrowser__qutebrowser-0d2afd58f3d0e34af21cee7d8a3fc9d855594e9f-vnan,3,pinai_phase1_tool_search_20260912_shard3_v1:phase1_v2_phase1_v2_task_104_luna_tool_search_r1:resp_0f3573affe0ee276016aa2fc9dd8bc87d291cf0ea3442dc7fd:identifier_mutation:3,0,1,1,0,1,1,0,1,1,2300,6164,3864
instance_qutebrowser__qutebrowser-0fc6d1109d041c69a68a896db87cf1b8c194cef7-v2ef375ac784985212b1805e1d0431dc8f1b3c171,1,pinai_phase1_tool_search_20260912_shard2_v1:phase1_v2_phase1_v2_task_081_luna_tool_search_r1:resp_0385bd2412ab10f3016aa2fd2f3e2c87d095aaa84117b9d8cc:identifier_mutation:1,0,1,1,0,1,1,0,1,1,2190,5790,3600
instance_qutebrowser__qutebrowser-0fc6d1109d041c69a68a896db87cf1b8c194cef7-v2ef375ac784985212b1805e1d0431dc8f1b3c171,2,pinai_phase1_tool_search_20260912_shard2_v1:phase1_v2_phase1_v2_task_081_luna_tool_search_r1:resp_0385bd2412ab10f3016aa2fd2f3e2c87d095aaa84117b9d8cc:identifier_mutation:2,0,1,1,0,1,1,0,1,1,2121,5701,3580
instance_qutebrowser__qutebrowser-0fc6d1109d041c69a68a896db87cf1b8c194cef7-v2ef375ac784985212b1805e1d0431dc8f1b3c171,3,pinai_phase1_tool_search_20260912_shard2_v1:phase1_v2_phase1_v2_task_081_luna_tool_search_r1:resp_0385bd2412ab10f3016aa2fd2f3e2c87d095aaa84117b9d8cc:identifier_mutation:3,0,1,1,0,1,1,0,1,1,2187,5545,3358
instance_qutebrowser__qutebrowser-54bcdc1eefa86cc20790973d6997b60c3bba884c-v2ef375ac784985212b1805e1d0431dc8f1b3c171,1,pinai_phase1_tool_search_20260912_shard3_v1:phase1_v2_phase1_v2_task_113_luna_tool_search_r1:resp_02215fc105ee4050016aa2fe24a12087d1b1ff18b10543bc11:identifier_mutation:1,0,0,0,0,0,0,0,0,0,2094,5636,3542
instance_qutebrowser__qutebrowser-54bcdc1eefa86cc20790973d6997b60c3bba884c-v2ef375ac784985212b1805e1d0431dc8f1b3c171,2,pinai_phase1_tool_search_20260912_shard3_v1:phase1_v2_phase1_v2_task_113_luna_tool_search_r1:resp_02215fc105ee4050016aa2fe24a12087d1b1ff18b10543bc11:identifier_mutation:2,0,0,0,0,0,0,0,0,0,2014,5534,3520
instance_qutebrowser__qutebrowser-54bcdc1eefa86cc20790973d6997b60c3bba884c-v2ef375ac784985212b1805e1d0431dc8f1b3c171,3,pinai_phase1_tool_search_20260912_shard3_v1:phase1_v2_phase1_v2_task_113_luna_tool_search_r1:resp_02215fc105ee4050016aa2fe24a12087d1b1ff18b10543bc11:identifier_mutation:3,0,0,0,0,1,1,0,1,1,2056,5727,3671
instance_qutebrowser__qutebrowser-6b320dc18662580e1313d2548fdd6231d2a97e6d-v363c8a7e5ccdf6968fc7ab84a2053ac78036691d,1,pinai_phase1_tool_search_20260912_shard2_v1:phase1_v2_phase1_v2_task_091_luna_tool_search_r1:resp_0c742c426714ae86016aa2fecff5a887d1a04915f4900e0220:identifier_mutation:1,1,1,0,1,1,0,1,1,0,2180,5829,3649
instance_qutebrowser__qutebrowser-6b320dc18662580e1313d2548fdd6231d2a97e6d-v363c8a7e5ccdf6968fc7ab84a2053ac78036691d,2,pinai_phase1_tool_search_20260912_shard2_v1:phase1_v2_phase1_v2_task_091_luna_tool_search_r1:resp_0c742c426714ae86016aa2fecff5a887d1a04915f4900e0220:identifier_mutation:2,0,1,1,0,1,1,0,1,1,2147,5866,3719
instance_qutebrowser__qutebrowser-6b320dc18662580e1313d2548fdd6231d2a97e6d-v363c8a7e5ccdf6968fc7ab84a2053ac78036691d,3,pinai_phase1_tool_search_20260912_shard2_v1:phase1_v2_phase1_v2_task_091_luna_tool_search_r1:resp_0c742c426714ae86016aa2fecff5a887d1a04915f4900e0220:identifier_mutation:3,1,1,0,1,1,0,1,1,0,2205,5839,3634
instance_qutebrowser__qutebrowser-70248f256f93ed9b1984494d0a1a919ddd774892-v2ef375ac784985212b1805e1d0431dc8f1b3c171,1,pinai_phase1_tool_search_20260912_shard3_v1:phase1_v2_phase1_v2_task_093_luna_tool_search_r1:resp_0526e8e1b2e7e3b7016aa2fa9f711c87d0a4a8722def30b208:identifier_mutation:1,0,0,0,0,0,0,0,0,0,2169,5943,3774
instance_qutebrowser__qutebrowser-70248f256f93ed9b1984494d0a1a919ddd774892-v2ef375ac784985212b1805e1d0431dc8f1b3c171,2,pinai_phase1_tool_search_20260912_shard3_v1:phase1_v2_phase1_v2_task_093_luna_tool_search_r1:resp_0526e8e1b2e7e3b7016aa2fa9f711c87d0a4a8722def30b208:identifier_mutation:2,0,0,0,0,0,0,0,0,0,2190,5729,3539
instance_qutebrowser__qutebrowser-70248f256f93ed9b1984494d0a1a919ddd774892-v2ef375ac784985212b1805e1d0431dc8f1b3c171,3,pinai_phase1_tool_search_20260912_shard3_v1:phase1_v2_phase1_v2_task_093_luna_tool_search_r1:resp_0526e8e1b2e7e3b7016aa2fa9f711c87d0a4a8722def30b208:identifier_mutation:3,0,0,0,0,0,0,0,0,0,2181,5860,3679
instance_qutebrowser__qutebrowser-7f9713b20f623fc40473b7167a082d6db0f0fd40-va0fd88aac89cde702ec1ba84877234da33adce8a,1,pinai_phase1_tool_search_20260912_shard2_v1:phase1_v2_phase1_v2_task_084_luna_tool_search_r1:resp_05aad5516a24b9b4016aa2fdc9b60487d1aca6c0b17e8b8400:identifier_mutation:1,0,1,1,0,1,1,0,1,1,2310,5846,3536
instance_qutebrowser__qutebrowser-7f9713b20f623fc40473b7167a082d6db0f0fd40-va0fd88aac89cde702ec1ba84877234da33adce8a,2,pinai_phase1_tool_search_20260912_shard2_v1:phase1_v2_phase1_v2_task_084_luna_tool_search_r1:resp_05aad5516a24b9b4016aa2fdc9b60487d1aca6c0b17e8b8400:identifier_mutation:2,0,1,1,0,1,1,0,1,1,2299,6040,3741
instance_qutebrowser__qutebrowser-7f9713b20f623fc40473b7167a082d6db0f0fd40-va0fd88aac89cde702ec1ba84877234da33adce8a,3,pinai_phase1_tool_search_20260912_shard2_v1:phase1_v2_phase1_v2_task_084_luna_tool_search_r1:resp_05aad5516a24b9b4016aa2fdc9b60487d1aca6c0b17e8b8400:identifier_mutation:3,0,1,1,0,1,1,0,1,1,2363,6242,3879
instance_qutebrowser__qutebrowser-96b997802e942937e81d2b8a32d08f00d3f4bc4e-v5fc38aaf22415ab0b70567368332beee7955b367,1,pinai_phase1_tool_search_20260912_shard3_v1:phase1_v2_phase1_v2_task_111_luna_tool_search_r1:resp_064f804737a4d89e016aa2fdd5f84487d19d889fdf9b260b41:identifier_mutation:1,1,0,-1,1,0,-1,1,0,-1,2267,6884,4617
instance_qutebrowser__qutebrowser-96b997802e942937e81d2b8a32d08f00d3f4bc4e-v5fc38aaf22415ab0b70567368332beee7955b367,2,pinai_phase1_tool_search_20260912_shard3_v1:phase1_v2_phase1_v2_task_111_luna_tool_search_r1:resp_064f804737a4d89e016aa2fdd5f84487d19d889fdf9b260b41:identifier_mutation:2,1,0,-1,1,0,-1,1,0,-1,2224,7230,5006
instance_qutebrowser__qutebrowser-96b997802e942937e81d2b8a32d08f00d3f4bc4e-v5fc38aaf22415ab0b70567368332beee7955b367,3,pinai_phase1_tool_search_20260912_shard3_v1:phase1_v2_phase1_v2_task_111_luna_tool_search_r1:resp_064f804737a4d89e016aa2fdd5f84487d19d889fdf9b260b41:identifier_mutation:3,1,0,-1,1,0,-1,1,0,-1,2271,6579,4308
instance_qutebrowser__qutebrowser-99029144b5109bb1b2a53964a7c129e009980cd9-va0fd88aac89cde702ec1ba84877234da33adce8a,1,pinai_phase1_tool_search_20260912_shard3_v1:phase1_v2_phase1_v2_task_097_luna_tool_search_r1:resp_0b4afcd585a26fe6016aa2fb5b392087d1a9aaf13dab6717e9:identifier_mutation:1,0,1,1,1,1,0,1,1,0,2349,6462,4113
instance_qutebrowser__qutebrowser-99029144b5109bb1b2a53964a7c129e009980cd9-va0fd88aac89cde702ec1ba84877234da33adce8a,2,pinai_phase1_tool_search_20260912_shard3_v1:phase1_v2_phase1_v2_task_097_luna_tool_search_r1:resp_0b4afcd585a26fe6016aa2fb5b392087d1a9aaf13dab6717e9:identifier_mutation:2,0,1,1,1,1,0,1,1,0,2549,6468,3919
instance_qutebrowser__qutebrowser-99029144b5109bb1b2a53964a7c129e009980cd9-va0fd88aac89cde702ec1ba84877234da33adce8a,3,pinai_phase1_tool_search_20260912_shard3_v1:phase1_v2_phase1_v2_task_097_luna_tool_search_r1:resp_0b4afcd585a26fe6016aa2fb5b392087d1a9aaf13dab6717e9:identifier_mutation:3,0,1,1,0,1,1,0,1,1,2157,6474,4317
instance_qutebrowser__qutebrowser-e64622cd2df5b521342cf4a62e0d4cb8f8c9ae5a-v363c8a7e5ccdf6968fc7ab84a2053ac78036691d,1,pinai_phase1_tool_search_20260912_shard3_v1:phase1_v2_phase1_v2_task_100_luna_tool_search_r1:resp_09eade22dac90f75016aa2fbe5936c87d0ae7d9082cbd55945:identifier_mutation:1,0,0,0,0,0,0,0,0,0,2084,6333,4249
instance_qutebrowser__qutebrowser-e64622cd2df5b521342cf4a62e0d4cb8f8c9ae5a-v363c8a7e5ccdf6968fc7ab84a2053ac78036691d,2,pinai_phase1_tool_search_20260912_shard3_v1:phase1_v2_phase1_v2_task_100_luna_tool_search_r1:resp_09eade22dac90f75016aa2fbe5936c87d0ae7d9082cbd55945:identifier_mutation:2,0,0,0,0,0,0,0,0,0,2014,6581,4567
instance_qutebrowser__qutebrowser-e64622cd2df5b521342cf4a62e0d4cb8f8c9ae5a-v363c8a7e5ccdf6968fc7ab84a2053ac78036691d,3,pinai_phase1_tool_search_20260912_shard3_v1:phase1_v2_phase1_v2_task_100_luna_tool_search_r1:resp_09eade22dac90f75016aa2fbe5936c87d0ae7d9082cbd55945:identifier_mutation:3,0,0,0,0,0,0,0,0,0,2181,6552,4371
instance_qutebrowser__qutebrowser-e70f5b03187bdd40e8bf70f5f3ead840f52d1f42-v02ad04386d5238fe2d1a1be450df257370de4b6a,1,pinai_phase1_tool_search_20260912_shard3_v1:phase1_v2_phase1_v2_task_105_luna_tool_search_r1:resp_0860b51494bebe36016aa2fceb030487d29d5a203598d1274e:identifier_mutation:1,0,0,0,0,0,0,0,0,0,2120,4811,2691
instance_qutebrowser__qutebrowser-e70f5b03187bdd40e8bf70f5f3ead840f52d1f42-v02ad04386d5238fe2d1a1be450df257370de4b6a,2,pinai_phase1_tool_search_20260912_shard3_v1:phase1_v2_phase1_v2_task_105_luna_tool_search_r1:resp_0860b51494bebe36016aa2fceb030487d29d5a203598d1274e:identifier_mutation:2,0,0,0,0,0,0,0,0,0,1985,5009,3024
instance_qutebrowser__qutebrowser-e70f5b03187bdd40e8bf70f5f3ead840f52d1f42-v02ad04386d5238fe2d1a1be450df257370de4b6a,3,pinai_phase1_tool_search_20260912_shard3_v1:phase1_v2_phase1_v2_task_105_luna_tool_search_r1:resp_0860b51494bebe36016aa2fceb030487d29d5a203598d1274e:identifier_mutation:3,0,0,0,0,0,0,0,0,0,2108,5019,2911
instance_qutebrowser__qutebrowser-f631cd4422744160d9dcf7a0455da532ce973315-v35616345bb8052ea303186706cec663146f0f184,1,pinai_phase1_tool_search_20260912_shard2_v1:phase1_v2_phase1_v2_task_082_luna_tool_search_r1:resp_093c7d9e7121f200016aa2fd6ab57087d094a4c116763e604c:identifier_mutation:1,0,1,1,0,1,1,0,1,1,2156,5965,3809
instance_qutebrowser__qutebrowser-f631cd4422744160d9dcf7a0455da532ce973315-v35616345bb8052ea303186706cec663146f0f184,2,pinai_phase1_tool_search_20260912_shard2_v1:phase1_v2_phase1_v2_task_082_luna_tool_search_r1:resp_093c7d9e7121f200016aa2fd6ab57087d094a4c116763e604c:identifier_mutation:2,0,1,1,0,1,1,0,1,1,2066,6268,4202
instance_qutebrowser__qutebrowser-f631cd4422744160d9dcf7a0455da532ce973315-v35616345bb8052ea303186706cec663146f0f184,3,pinai_phase1_tool_search_20260912_shard2_v1:phase1_v2_phase1_v2_task_082_luna_tool_search_r1:resp_093c7d9e7121f200016aa2fd6ab57087d094a4c116763e604c:identifier_mutation:3,0,1,1,0,1,1,0,1,1,2078,6040,3962
instance_qutebrowser__qutebrowser-f91ace96223cac8161c16dd061907e138fe85111-v059c6fdc75567943479b23ebca7c07b5e9a7f34c,1,pinai_phase1_tool_search_20260912_shard3_v1:phase1_v2_phase1_v2_task_120_luna_tool_search_r1:resp_0044e9fc492b93a1016aa2ff3a63f487d1ae6f42a57b51def2:identifier_mutation:1,0,1,1,0,1,1,0,1,1,1927,6668,4741
instance_qutebrowser__qutebrowser-f91ace96223cac8161c16dd061907e138fe85111-v059c6fdc75567943479b23ebca7c07b5e9a7f34c,2,pinai_phase1_tool_search_20260912_shard3_v1:phase1_v2_phase1_v2_task_120_luna_tool_search_r1:resp_0044e9fc492b93a1016aa2ff3a63f487d1ae6f42a57b51def2:identifier_mutation:2,0,1,1,0,1,1,0,1,1,1849,6493,4644
instance_qutebrowser__qutebrowser-f91ace96223cac8161c16dd061907e138fe85111-v059c6fdc75567943479b23ebca7c07b5e9a7f34c,3,pinai_phase1_tool_search_20260912_shard3_v1:phase1_v2_phase1_v2_task_120_luna_tool_search_r1:resp_0044e9fc492b93a1016aa2ff3a63f487d1ae6f42a57b51def2:identifier_mutation:3,0,0,0,0,1,1,0,1,1,2255,6412,4157
instance_qutebrowser__qutebrowser-fcfa069a06ade76d91bac38127f3235c13d78eb1-v5fc38aaf22415ab0b70567368332beee7955b367,1,pinai_phase1_tool_search_20260912_shard3_v1:phase1_v2_phase1_v2_task_118_luna_tool_search_r1:resp_0dcb2f8b7447c415016aa2fee95f8887d2a7b22357b349c74a:identifier_mutation:1,1,1,0,1,1,0,1,1,0,2156,5542,3386
instance_qutebrowser__qutebrowser-fcfa069a06ade76d91bac38127f3235c13d78eb1-v5fc38aaf22415ab0b70567368332beee7955b367,2,pinai_phase1_tool_search_20260912_shard3_v1:phase1_v2_phase1_v2_task_118_luna_tool_search_r1:resp_0dcb2f8b7447c415016aa2fee95f8887d2a7b22357b349c74a:identifier_mutation:2,0,1,1,0,1,1,0,1,1,2073,5691,3618
instance_qutebrowser__qutebrowser-fcfa069a06ade76d91bac38127f3235c13d78eb1-v5fc38aaf22415ab0b70567368332beee7955b367,3,pinai_phase1_tool_search_20260912_shard3_v1:phase1_v2_phase1_v2_task_118_luna_tool_search_r1:resp_0dcb2f8b7447c415016aa2fee95f8887d2a7b22357b349c74a:identifier_mutation:3,0,1,1,0,1,1,0,1,1,2147,5732,3585
instance_qutebrowser__qutebrowser-fea33d607fde83cf505b228238cf365936437a63-v9f8e9d96c85c85a605e382f1510bd08563afc566,1,pinai_phase1_tool_search_20260912_shard3_v1:phase1_v2_phase1_v2_task_101_luna_tool_search_r1:resp_09afe524bfea69a1016aa2fc18320c87d18e76363fdbae1b61:identifier_mutation:1,0,0,0,0,1,1,0,1,1,2113,6118,4005
instance_qutebrowser__qutebrowser-fea33d607fde83cf505b228238cf365936437a63-v9f8e9d96c85c85a605e382f1510bd08563afc566,2,pinai_phase1_tool_search_20260912_shard3_v1:phase1_v2_phase1_v2_task_101_luna_tool_search_r1:resp_09afe524bfea69a1016aa2fc18320c87d18e76363fdbae1b61:identifier_mutation:2,1,0,-1,1,0,-1,1,1,0,2310,6490,4180
instance_qutebrowser__qutebrowser-fea33d607fde83cf505b228238cf365936437a63-v9f8e9d96c85c85a605e382f1510bd08563afc566,3,pinai_phase1_tool_search_20260912_shard3_v1:phase1_v2_phase1_v2_task_101_luna_tool_search_r1:resp_09afe524bfea69a1016aa2fc18320c87d18e76363fdbae1b61:identifier_mutation:3,0,0,0,1,0,-1,1,0,-1,2179,5923,3744
instance_qutebrowser__qutebrowser-ff1c025ad3210506fc76e1f604d8c8c27637d88e-v363c8a7e5ccdf6968fc7ab84a2053ac78036691d,1,pinai_phase1_tool_search_20260912_shard3_v1:phase1_v2_phase1_v2_task_095_luna_tool_search_r1:resp_039607a49fecf1ea016aa2fafbd4a487d2ac3361027b0ac99b:identifier_mutation:1,0,0,0,0,0,0,0,0,0,2208,5730,3522
instance_qutebrowser__qutebrowser-ff1c025ad3210506fc76e1f604d8c8c27637d88e-v363c8a7e5ccdf6968fc7ab84a2053ac78036691d,2,pinai_phase1_tool_search_20260912_shard3_v1:phase1_v2_phase1_v2_task_095_luna_tool_search_r1:resp_039607a49fecf1ea016aa2fafbd4a487d2ac3361027b0ac99b:identifier_mutation:2,0,0,0,0,0,0,0,0,0,2285,5435,3150
instance_qutebrowser__qutebrowser-ff1c025ad3210506fc76e1f604d8c8c27637d88e-v363c8a7e5ccdf6968fc7ab84a2053ac78036691d,3,pinai_phase1_tool_search_20260912_shard3_v1:phase1_v2_phase1_v2_task_095_luna_tool_search_r1:resp_039607a49fecf1ea016aa2fafbd4a487d2ac3361027b0ac99b:identifier_mutation:3,0,0,0,0,0,0,0,0,0,2311,5443,3132
