task_id,method,source_id,source_row_ordinal,log_path
matplotlib__matplotlib-23562,baseline,source_01,1,data/logs/repair_endpoints/bounded/source_01/matplotlib__matplotlib-23562.baseline.log.gz.b64
matplotlib__matplotlib-23562,gold,source_01,2,data/logs/repair_endpoints/bounded/source_01/matplotlib__matplotlib-23562.gold.log.gz.b64
matplotlib__matplotlib-23562,orcaloca,source_01,3,data/logs/repair_endpoints/bounded/source_01/matplotlib__matplotlib-23562.orcaloca.log.gz.b64
matplotlib__matplotlib-23476,baseline,source_02,1,data/logs/repair_endpoints/bounded/source_02/matplotlib__matplotlib-23476.baseline.log.gz.b64
matplotlib__matplotlib-23476,gold,source_02,2,data/logs/repair_endpoints/bounded/source_02/matplotlib__matplotlib-23476.gold.log.gz.b64
matplotlib__matplotlib-23476,orcaloca,source_02,3,data/logs/repair_endpoints/bounded/source_02/matplotlib__matplotlib-23476.orcaloca.log.gz.b64
django__django-10924,baseline,source_03,1,data/logs/repair_endpoints/bounded/source_03/django__django-10924.baseline.log.gz.b64
django__django-10924,gold,source_03,2,data/logs/repair_endpoints/bounded/source_03/django__django-10924.gold.log.gz.b64
django__django-10924,orcaloca,source_03,3,data/logs/repair_endpoints/bounded/source_03/django__django-10924.orcaloca.log.gz.b64
astropy__astropy-12907,baseline,source_04,1,data/logs/repair_endpoints/bounded/source_04/astropy__astropy-12907.baseline.log.gz.b64
astropy__astropy-12907,gold,source_04,2,data/logs/repair_endpoints/bounded/source_04/astropy__astropy-12907.gold.log.gz.b64
astropy__astropy-12907,orcaloca,source_04,3,data/logs/repair_endpoints/bounded/source_04/astropy__astropy-12907.orcaloca.log.gz.b64
matplotlib__matplotlib-23299,baseline,source_05,1,data/logs/repair_endpoints/bounded/source_05/matplotlib__matplotlib-23299.baseline.log.gz.b64
matplotlib__matplotlib-23299,gold,source_05,2,data/logs/repair_endpoints/bounded/source_05/matplotlib__matplotlib-23299.gold.log.gz.b64
matplotlib__matplotlib-23299,orcaloca,source_05,3,data/logs/repair_endpoints/bounded/source_05/matplotlib__matplotlib-23299.orcaloca.log.gz.b64
sympy__sympy-11400,baseline,source_05,4,data/logs/repair_endpoints/bounded/source_05/sympy__sympy-11400.baseline.log.gz.b64
sympy__sympy-11400,gold,source_05,5,data/logs/repair_endpoints/bounded/source_05/sympy__sympy-11400.gold.log.gz.b64
sympy__sympy-11400,orcaloca,source_05,6,data/logs/repair_endpoints/bounded/source_05/sympy__sympy-11400.orcaloca.log.gz.b64
mwaskom__seaborn-2848,baseline,source_06,1,data/logs/repair_endpoints/bounded/source_06/mwaskom__seaborn-2848.baseline.log.gz.b64
mwaskom__seaborn-2848,gold,source_06,2,data/logs/repair_endpoints/bounded/source_06/mwaskom__seaborn-2848.gold.log.gz.b64
mwaskom__seaborn-2848,orcaloca,source_06,3,data/logs/repair_endpoints/bounded/source_06/mwaskom__seaborn-2848.orcaloca.log.gz.b64
mwaskom__seaborn-3010,baseline,source_06,4,data/logs/repair_endpoints/bounded/source_06/mwaskom__seaborn-3010.baseline.log.gz.b64
mwaskom__seaborn-3010,gold,source_06,5,data/logs/repair_endpoints/bounded/source_06/mwaskom__seaborn-3010.gold.log.gz.b64
mwaskom__seaborn-3010,orcaloca,source_06,6,data/logs/repair_endpoints/bounded/source_06/mwaskom__seaborn-3010.orcaloca.log.gz.b64
scikit-learn__scikit-learn-11040,baseline,source_06,7,data/logs/repair_endpoints/bounded/source_06/scikit-learn__scikit-learn-11040.baseline.log.gz.b64
scikit-learn__scikit-learn-11040,gold,source_06,8,data/logs/repair_endpoints/bounded/source_06/scikit-learn__scikit-learn-11040.gold.log.gz.b64
scikit-learn__scikit-learn-11040,orcaloca,source_06,9,data/logs/repair_endpoints/bounded/source_06/scikit-learn__scikit-learn-11040.orcaloca.log.gz.b64
sphinx-doc__sphinx-7686,baseline,source_07,1,data/logs/repair_endpoints/bounded/source_07/sphinx-doc__sphinx-7686.baseline.log.gz.b64
sphinx-doc__sphinx-7686,gold,source_07,2,data/logs/repair_endpoints/bounded/source_07/sphinx-doc__sphinx-7686.gold.log.gz.b64
sphinx-doc__sphinx-7686,orcaloca,source_07,3,data/logs/repair_endpoints/bounded/source_07/sphinx-doc__sphinx-7686.orcaloca.log.gz.b64
pylint-dev__pylint-7228,baseline,source_07,4,data/logs/repair_endpoints/bounded/source_07/pylint-dev__pylint-7228.baseline.log.gz.b64
pylint-dev__pylint-7228,gold,source_07,5,data/logs/repair_endpoints/bounded/source_07/pylint-dev__pylint-7228.gold.log.gz.b64
pylint-dev__pylint-7228,orcaloca,source_07,6,data/logs/repair_endpoints/bounded/source_07/pylint-dev__pylint-7228.orcaloca.log.gz.b64
matplotlib__matplotlib-23314,baseline,source_07,7,data/logs/repair_endpoints/bounded/source_07/matplotlib__matplotlib-23314.baseline.log.gz.b64
matplotlib__matplotlib-23314,gold,source_07,8,data/logs/repair_endpoints/bounded/source_07/matplotlib__matplotlib-23314.gold.log.gz.b64
matplotlib__matplotlib-23314,orcaloca,source_07,9,data/logs/repair_endpoints/bounded/source_07/matplotlib__matplotlib-23314.orcaloca.log.gz.b64
mwaskom__seaborn-3190,baseline,source_08,1,data/logs/repair_endpoints/bounded/source_08/mwaskom__seaborn-3190.baseline.log.gz.b64
mwaskom__seaborn-3190,gold,source_08,2,data/logs/repair_endpoints/bounded/source_08/mwaskom__seaborn-3190.gold.log.gz.b64
mwaskom__seaborn-3190,orcaloca,source_08,3,data/logs/repair_endpoints/bounded/source_08/mwaskom__seaborn-3190.orcaloca.log.gz.b64
mwaskom__seaborn-3407,baseline,source_08,4,data/logs/repair_endpoints/bounded/source_08/mwaskom__seaborn-3407.baseline.log.gz.b64
mwaskom__seaborn-3407,gold,source_08,5,data/logs/repair_endpoints/bounded/source_08/mwaskom__seaborn-3407.gold.log.gz.b64
mwaskom__seaborn-3407,orcaloca,source_08,6,data/logs/repair_endpoints/bounded/source_08/mwaskom__seaborn-3407.orcaloca.log.gz.b64
scikit-learn__scikit-learn-10297,baseline,source_08,7,data/logs/repair_endpoints/bounded/source_08/scikit-learn__scikit-learn-10297.baseline.log.gz.b64
scikit-learn__scikit-learn-10297,gold,source_08,8,data/logs/repair_endpoints/bounded/source_08/scikit-learn__scikit-learn-10297.gold.log.gz.b64
scikit-learn__scikit-learn-10297,orcaloca,source_08,9,data/logs/repair_endpoints/bounded/source_08/scikit-learn__scikit-learn-10297.orcaloca.log.gz.b64
sphinx-doc__sphinx-10325,baseline,source_09,1,data/logs/repair_endpoints/bounded/source_09/sphinx-doc__sphinx-10325.baseline.log.gz.b64
sphinx-doc__sphinx-10325,gold,source_09,2,data/logs/repair_endpoints/bounded/source_09/sphinx-doc__sphinx-10325.gold.log.gz.b64
sphinx-doc__sphinx-10325,orcaloca,source_09,3,data/logs/repair_endpoints/bounded/source_09/sphinx-doc__sphinx-10325.orcaloca.log.gz.b64
scikit-learn__scikit-learn-10508,baseline,source_09,4,data/logs/repair_endpoints/bounded/source_09/scikit-learn__scikit-learn-10508.baseline.log.gz.b64
scikit-learn__scikit-learn-10508,gold,source_09,5,data/logs/repair_endpoints/bounded/source_09/scikit-learn__scikit-learn-10508.gold.log.gz.b64
scikit-learn__scikit-learn-10508,orcaloca,source_09,6,data/logs/repair_endpoints/bounded/source_09/scikit-learn__scikit-learn-10508.orcaloca.log.gz.b64
scikit-learn__scikit-learn-10949,baseline,source_09,7,data/logs/repair_endpoints/bounded/source_09/scikit-learn__scikit-learn-10949.baseline.log.gz.b64
scikit-learn__scikit-learn-10949,gold,source_09,8,data/logs/repair_endpoints/bounded/source_09/scikit-learn__scikit-learn-10949.gold.log.gz.b64
scikit-learn__scikit-learn-10949,orcaloca,source_09,9,data/logs/repair_endpoints/bounded/source_09/scikit-learn__scikit-learn-10949.orcaloca.log.gz.b64
astropy__astropy-14182,baseline,source_10,1,data/logs/repair_endpoints/bounded/source_10/astropy__astropy-14182.baseline.log.gz.b64
astropy__astropy-14182,gold,source_10,2,data/logs/repair_endpoints/bounded/source_10/astropy__astropy-14182.gold.log.gz.b64
astropy__astropy-14182,orcaloca,source_10,3,data/logs/repair_endpoints/bounded/source_10/astropy__astropy-14182.orcaloca.log.gz.b64
astropy__astropy-14365,baseline,source_10,4,data/logs/repair_endpoints/bounded/source_10/astropy__astropy-14365.baseline.log.gz.b64
astropy__astropy-14365,gold,source_10,5,data/logs/repair_endpoints/bounded/source_10/astropy__astropy-14365.gold.log.gz.b64
astropy__astropy-14365,orcaloca,source_10,6,data/logs/repair_endpoints/bounded/source_10/astropy__astropy-14365.orcaloca.log.gz.b64
astropy__astropy-14995,baseline,source_10,7,data/logs/repair_endpoints/bounded/source_10/astropy__astropy-14995.baseline.log.gz.b64
astropy__astropy-14995,gold,source_10,8,data/logs/repair_endpoints/bounded/source_10/astropy__astropy-14995.gold.log.gz.b64
astropy__astropy-14995,orcaloca,source_10,9,data/logs/repair_endpoints/bounded/source_10/astropy__astropy-14995.orcaloca.log.gz.b64
