task_id,branch,source_row_ordinal,report_path
astropy__astropy-12907,agent,1,data/logs/repair_endpoints/official/astropy__astropy-12907/agent/report.json
astropy__astropy-12907,reference,2,data/logs/repair_endpoints/official/astropy__astropy-12907/reference/report.json
astropy__astropy-14182,agent,3,data/logs/repair_endpoints/official/astropy__astropy-14182/agent/report.json
astropy__astropy-14182,reference,4,data/logs/repair_endpoints/official/astropy__astropy-14182/reference/report.json
astropy__astropy-14365,agent,5,data/logs/repair_endpoints/official/astropy__astropy-14365/agent/report.json
astropy__astropy-14365,reference,6,data/logs/repair_endpoints/official/astropy__astropy-14365/reference/report.json
astropy__astropy-14995,agent,7,data/logs/repair_endpoints/official/astropy__astropy-14995/agent/report.json
astropy__astropy-14995,reference,8,data/logs/repair_endpoints/official/astropy__astropy-14995/reference/report.json
mwaskom__seaborn-2848,agent,9,data/logs/repair_endpoints/official/mwaskom__seaborn-2848/agent/report.json
mwaskom__seaborn-2848,reference,10,data/logs/repair_endpoints/official/mwaskom__seaborn-2848/reference/report.json
mwaskom__seaborn-3010,agent,11,data/logs/repair_endpoints/official/mwaskom__seaborn-3010/agent/report.json
mwaskom__seaborn-3010,reference,12,data/logs/repair_endpoints/official/mwaskom__seaborn-3010/reference/report.json
mwaskom__seaborn-3190,agent,13,data/logs/repair_endpoints/official/mwaskom__seaborn-3190/agent/report.json
mwaskom__seaborn-3190,reference,14,data/logs/repair_endpoints/official/mwaskom__seaborn-3190/reference/report.json
mwaskom__seaborn-3407,agent,15,data/logs/repair_endpoints/official/mwaskom__seaborn-3407/agent/report.json
mwaskom__seaborn-3407,reference,16,data/logs/repair_endpoints/official/mwaskom__seaborn-3407/reference/report.json
pallets__flask-4045,agent,17,data/logs/repair_endpoints/official/pallets__flask-4045/agent/report.json
pallets__flask-4045,reference,18,data/logs/repair_endpoints/official/pallets__flask-4045/reference/report.json
pallets__flask-5063,agent,19,data/logs/repair_endpoints/official/pallets__flask-5063/agent/report.json
pallets__flask-5063,reference,20,data/logs/repair_endpoints/official/pallets__flask-5063/reference/report.json
pylint-dev__pylint-6506,agent,21,data/logs/repair_endpoints/official/pylint-dev__pylint-6506/agent/report.json
pylint-dev__pylint-6506,reference,22,data/logs/repair_endpoints/official/pylint-dev__pylint-6506/reference/report.json
pylint-dev__pylint-7080,agent,23,data/logs/repair_endpoints/official/pylint-dev__pylint-7080/agent/report.json
pylint-dev__pylint-7080,reference,24,data/logs/repair_endpoints/official/pylint-dev__pylint-7080/reference/report.json
