task_id,branch,resolved,patch_exists,patch_successfully_applied,fail_to_pass_success_count,fail_to_pass_failure_count,pass_to_pass_success_count,pass_to_pass_failure_count,harness_process_exit_code,official_report_status,report_generation_status,robust_correct,current_objective_eligibility,provider_calls,report_path,source_row_ordinal
astropy__astropy-12907,agent,false,true,true,0,2,13,0,1,official_report_present_unresolved,report_generation_ok,NA,0,false,data/logs/repair_endpoints/official/astropy__astropy-12907/agent/report.json,1
astropy__astropy-12907,human,true,true,true,2,0,13,0,0,resolved,report_generation_ok,NA,0,false,data/logs/repair_endpoints/official/astropy__astropy-12907/reference/report.json,2
astropy__astropy-14182,agent,false,true,false,0,0,0,0,1,official_report_present_unresolved,report_generation_ok,NA,0,false,data/logs/repair_endpoints/official/astropy__astropy-14182/agent/report.json,3
astropy__astropy-14182,human,false,true,false,0,0,0,0,1,official_report_present_unresolved,report_generation_ok,NA,0,false,data/logs/repair_endpoints/official/astropy__astropy-14182/reference/report.json,4
astropy__astropy-14365,agent,false,true,true,0,1,8,0,1,official_report_present_unresolved,report_generation_ok,NA,0,false,data/logs/repair_endpoints/official/astropy__astropy-14365/agent/report.json,5
astropy__astropy-14365,human,true,true,true,1,0,8,0,0,resolved,report_generation_ok,NA,0,false,data/logs/repair_endpoints/official/astropy__astropy-14365/reference/report.json,6
astropy__astropy-14995,agent,true,true,true,1,0,179,0,0,resolved,report_generation_ok,NA,0,false,data/logs/repair_endpoints/official/astropy__astropy-14995/agent/report.json,7
astropy__astropy-14995,human,true,true,true,1,0,179,0,0,resolved,report_generation_ok,NA,0,false,data/logs/repair_endpoints/official/astropy__astropy-14995/reference/report.json,8
mwaskom__seaborn-2848,agent,true,true,true,1,0,50,0,0,resolved,report_generation_ok,NA,0,false,data/logs/repair_endpoints/official/mwaskom__seaborn-2848/agent/report.json,9
mwaskom__seaborn-2848,human,true,true,true,1,0,50,0,0,resolved,report_generation_ok,NA,0,false,data/logs/repair_endpoints/official/mwaskom__seaborn-2848/reference/report.json,10
mwaskom__seaborn-3010,agent,true,true,true,1,0,2,0,0,resolved,report_generation_ok,NA,0,false,data/logs/repair_endpoints/official/mwaskom__seaborn-3010/agent/report.json,11
mwaskom__seaborn-3010,human,true,true,true,1,0,2,0,0,resolved,report_generation_ok,NA,0,false,data/logs/repair_endpoints/official/mwaskom__seaborn-3010/reference/report.json,12
mwaskom__seaborn-3190,agent,true,true,true,1,0,84,0,0,resolved,report_generation_ok,NA,0,false,data/logs/repair_endpoints/official/mwaskom__seaborn-3190/agent/report.json,13
mwaskom__seaborn-3190,human,true,true,true,1,0,84,0,0,resolved,report_generation_ok,NA,0,false,data/logs/repair_endpoints/official/mwaskom__seaborn-3190/reference/report.json,14
mwaskom__seaborn-3407,agent,false,true,true,0,1,120,0,1,official_report_present_unresolved,report_generation_ok,NA,0,false,data/logs/repair_endpoints/official/mwaskom__seaborn-3407/agent/report.json,15
mwaskom__seaborn-3407,human,true,true,true,1,0,120,0,0,resolved,report_generation_ok,NA,0,false,data/logs/repair_endpoints/official/mwaskom__seaborn-3407/reference/report.json,16
pallets__flask-4045,agent,false,true,true,1,1,50,0,1,official_report_present_unresolved,report_generation_ok,NA,0,false,data/logs/repair_endpoints/official/pallets__flask-4045/agent/report.json,17
pallets__flask-4045,human,true,true,true,2,0,50,0,0,resolved,report_generation_ok,NA,0,false,data/logs/repair_endpoints/official/pallets__flask-4045/reference/report.json,18
pallets__flask-5063,agent,false,true,true,0,2,0,54,1,official_report_present_unresolved,report_generation_ok,NA,0,false,data/logs/repair_endpoints/official/pallets__flask-5063/agent/report.json,19
pallets__flask-5063,human,false,true,true,0,2,0,54,1,official_report_present_unresolved,report_generation_ok,NA,0,false,data/logs/repair_endpoints/official/pallets__flask-5063/reference/report.json,20
pylint-dev__pylint-6506,agent,false,true,true,0,2,0,6,1,official_report_present_unresolved,report_generation_ok,NA,0,false,data/logs/repair_endpoints/official/pylint-dev__pylint-6506/agent/report.json,21
pylint-dev__pylint-6506,human,false,true,true,0,2,0,6,1,official_report_present_unresolved,report_generation_ok,NA,0,false,data/logs/repair_endpoints/official/pylint-dev__pylint-6506/reference/report.json,22
pylint-dev__pylint-7080,agent,false,true,true,0,1,4,116,1,official_report_present_unresolved,report_generation_ok,NA,0,false,data/logs/repair_endpoints/official/pylint-dev__pylint-7080/agent/report.json,23
pylint-dev__pylint-7080,human,false,true,true,0,1,4,116,1,official_report_present_unresolved,report_generation_ok,NA,0,false,data/logs/repair_endpoints/official/pylint-dev__pylint-7080/reference/report.json,24
