paper_item,analysis_stage,output,denominator
Table 1,observational,table_01_panel_a/b/c.csv,1308 successful trajectories
Table 2,repair,table_02_activation_and_necessity.csv,60 component tasks
Table 3,controlled,table_03_progressive_context.csv,240 runs per arm
Table 4,controlled,table_04_paired_search_representation.csv,280 search/120 representation pairs
Table 5,controlled,table_05_component_ablation.csv,60 tasks/540 planned/537 completed
Table 6,controlled,table_06_localization_methods.csv,266 tasks/1330 rows
Table 7,controlled,table_07_input_projection.csv,18 distinct tasks/90 rows
Table 8,controlled,table_08_matched_context.csv,40 tasks/280 rows
Table 9,controlled,table_09_audit_policy.csv,30 distinct tasks
Table 10,model_swap,table_10_model_swap.csv,Verified200 and Lite300
Table 11,controlled,table_11_history_replay.csv,300 rows/76 completed
Figure 3,observational,figure3_process_prevalence.csv,1308 trajectories
Figure 4,controlled,table_06_localization_methods.csv + table_11_history_replay.csv,266 methods/224 replay noncompletion
Figure 5(a),controlled,table_09_audit_policy.csv,30 tasks
Figure 5(b),model_swap,figure_05b_model_slices.csv,Lite50/100/150/200/300 across 3 models
Figure 5(c),controlled,figure_05c_replay_checkpoints.csv,60 rows per horizon
Figure 5(d),repair,repair_endpoint_rates.csv,21 bounded/12 official tasks per branch
Figure 6,redundancy,figure_06_redundancy_categories.csv,193 random successful pairs within266
