control_config,treatment_config,ranking_layer,metric,paired_n,delta_mean,delta_p50,delta_p90,claim_boundary
solver_only,solver_plus_observe_only_shenji,raw,FileHit@1,30,0.0,0.0,0.0,Descriptive paired comparison only; no causal intervention claim.
solver_only,solver_plus_observe_only_shenji,raw,FileHit@3,30,0.0,0.0,0.0,Descriptive paired comparison only; no causal intervention claim.
solver_only,solver_plus_observe_only_shenji,raw,FileHit@5,30,0.0,0.0,0.0,Descriptive paired comparison only; no causal intervention claim.
solver_only,solver_plus_observe_only_shenji,raw,FileHit@6,30,0.0,0.0,0.0,Descriptive paired comparison only; no causal intervention claim.
solver_only,solver_plus_observe_only_shenji,raw,MRR@3,30,0.0,0.0,0.0,Descriptive paired comparison only; no causal intervention claim.
solver_only,solver_plus_observe_only_shenji,raw,MultiFileRecall@6,30,-0.005952,0.0,0.0,Descriptive paired comparison only; no causal intervention claim.
solver_only,solver_plus_observe_only_shenji,audit,FileHit@1,30,0.0,0.0,0.0,Descriptive paired comparison only; no causal intervention claim.
solver_only,solver_plus_observe_only_shenji,audit,FileHit@3,30,0.0,0.0,0.0,Descriptive paired comparison only; no causal intervention claim.
solver_only,solver_plus_observe_only_shenji,audit,FileHit@5,30,0.0,0.0,0.0,Descriptive paired comparison only; no causal intervention claim.
solver_only,solver_plus_observe_only_shenji,audit,FileHit@6,30,0.0,0.0,0.0,Descriptive paired comparison only; no causal intervention claim.
solver_only,solver_plus_observe_only_shenji,audit,MRR@3,30,0.0,0.0,0.0,Descriptive paired comparison only; no causal intervention claim.
solver_only,solver_plus_observe_only_shenji,audit,MultiFileRecall@6,30,-0.000397,0.0,0.0,Descriptive paired comparison only; no causal intervention claim.
solver_only,solver_plus_observe_only_shenji,intervention,FileHit@1,30,0.0,0.0,0.0,Descriptive paired comparison only; no causal intervention claim.
solver_only,solver_plus_observe_only_shenji,intervention,FileHit@3,30,0.0,0.0,0.0,Descriptive paired comparison only; no causal intervention claim.
solver_only,solver_plus_observe_only_shenji,intervention,FileHit@5,30,0.0,0.0,0.0,Descriptive paired comparison only; no causal intervention claim.
solver_only,solver_plus_observe_only_shenji,intervention,FileHit@6,30,0.0,0.0,0.0,Descriptive paired comparison only; no causal intervention claim.
solver_only,solver_plus_observe_only_shenji,intervention,MRR@3,30,0.0,0.0,0.0,Descriptive paired comparison only; no causal intervention claim.
solver_only,solver_plus_observe_only_shenji,intervention,MultiFileRecall@6,30,-0.000397,0.0,0.0,Descriptive paired comparison only; no causal intervention claim.
solver_only,solver_plus_end_of_run_audit,raw,FileHit@1,30,-0.1,0.0,0.0,Descriptive paired comparison only; no causal intervention claim.
solver_only,solver_plus_end_of_run_audit,raw,FileHit@3,30,-0.066667,0.0,0.0,Descriptive paired comparison only; no causal intervention claim.
solver_only,solver_plus_end_of_run_audit,raw,FileHit@5,30,-0.066667,0.0,0.0,Descriptive paired comparison only; no causal intervention claim.
solver_only,solver_plus_end_of_run_audit,raw,FileHit@6,30,-0.066667,0.0,0.0,Descriptive paired comparison only; no causal intervention claim.
solver_only,solver_plus_end_of_run_audit,raw,MRR@3,30,-0.088889,0.0,0.0,Descriptive paired comparison only; no causal intervention claim.
solver_only,solver_plus_end_of_run_audit,raw,MultiFileRecall@6,30,-0.087302,0.0,0.0,Descriptive paired comparison only; no causal intervention claim.
solver_only,solver_plus_end_of_run_audit,audit,FileHit@1,30,-0.1,0.0,0.0,Descriptive paired comparison only; no causal intervention claim.
solver_only,solver_plus_end_of_run_audit,audit,FileHit@3,30,-0.066667,0.0,0.0,Descriptive paired comparison only; no causal intervention claim.
solver_only,solver_plus_end_of_run_audit,audit,FileHit@5,30,-0.066667,0.0,0.0,Descriptive paired comparison only; no causal intervention claim.
solver_only,solver_plus_end_of_run_audit,audit,FileHit@6,30,-0.066667,0.0,0.0,Descriptive paired comparison only; no causal intervention claim.
solver_only,solver_plus_end_of_run_audit,audit,MRR@3,30,-0.088889,0.0,0.0,Descriptive paired comparison only; no causal intervention claim.
solver_only,solver_plus_end_of_run_audit,audit,MultiFileRecall@6,30,-0.087302,0.0,0.0,Descriptive paired comparison only; no causal intervention claim.
solver_only,solver_plus_end_of_run_audit,intervention,FileHit@1,30,-0.1,0.0,0.0,Descriptive paired comparison only; no causal intervention claim.
solver_only,solver_plus_end_of_run_audit,intervention,FileHit@3,30,-0.066667,0.0,0.0,Descriptive paired comparison only; no causal intervention claim.
solver_only,solver_plus_end_of_run_audit,intervention,FileHit@5,30,-0.066667,0.0,0.0,Descriptive paired comparison only; no causal intervention claim.
solver_only,solver_plus_end_of_run_audit,intervention,FileHit@6,30,-0.066667,0.0,0.0,Descriptive paired comparison only; no causal intervention claim.
solver_only,solver_plus_end_of_run_audit,intervention,MRR@3,30,-0.088889,0.0,0.0,Descriptive paired comparison only; no causal intervention claim.
solver_only,solver_plus_end_of_run_audit,intervention,MultiFileRecall@6,30,-0.087302,0.0,0.0,Descriptive paired comparison only; no causal intervention claim.
solver_only,solver_plus_online_generic_intervention,raw,FileHit@1,30,-0.033333,0.0,0.0,Descriptive paired comparison only; no causal intervention claim.
solver_only,solver_plus_online_generic_intervention,raw,FileHit@3,30,-0.033333,0.0,0.0,Descriptive paired comparison only; no causal intervention claim.
solver_only,solver_plus_online_generic_intervention,raw,FileHit@5,30,-0.033333,0.0,0.0,Descriptive paired comparison only; no causal intervention claim.
solver_only,solver_plus_online_generic_intervention,raw,FileHit@6,30,-0.033333,0.0,0.0,Descriptive paired comparison only; no causal intervention claim.
solver_only,solver_plus_online_generic_intervention,raw,MRR@3,30,-0.033333,0.0,0.0,Descriptive paired comparison only; no causal intervention claim.
solver_only,solver_plus_online_generic_intervention,raw,MultiFileRecall@6,30,-0.022222,0.0,0.0,Descriptive paired comparison only; no causal intervention claim.
solver_only,solver_plus_online_generic_intervention,audit,FileHit@1,30,-0.033333,0.0,0.0,Descriptive paired comparison only; no causal intervention claim.
solver_only,solver_plus_online_generic_intervention,audit,FileHit@3,30,-0.033333,0.0,0.0,Descriptive paired comparison only; no causal intervention claim.
solver_only,solver_plus_online_generic_intervention,audit,FileHit@5,30,-0.033333,0.0,0.0,Descriptive paired comparison only; no causal intervention claim.
solver_only,solver_plus_online_generic_intervention,audit,FileHit@6,30,-0.033333,0.0,0.0,Descriptive paired comparison only; no causal intervention claim.
solver_only,solver_plus_online_generic_intervention,audit,MRR@3,30,-0.033333,0.0,0.0,Descriptive paired comparison only; no causal intervention claim.
solver_only,solver_plus_online_generic_intervention,audit,MultiFileRecall@6,30,-0.022222,0.0,0.0,Descriptive paired comparison only; no causal intervention claim.
solver_only,solver_plus_online_generic_intervention,intervention,FileHit@1,30,-0.033333,0.0,0.0,Descriptive paired comparison only; no causal intervention claim.
solver_only,solver_plus_online_generic_intervention,intervention,FileHit@3,30,-0.033333,0.0,0.0,Descriptive paired comparison only; no causal intervention claim.
solver_only,solver_plus_online_generic_intervention,intervention,FileHit@5,30,-0.033333,0.0,0.0,Descriptive paired comparison only; no causal intervention claim.
solver_only,solver_plus_online_generic_intervention,intervention,FileHit@6,30,-0.033333,0.0,0.0,Descriptive paired comparison only; no causal intervention claim.
solver_only,solver_plus_online_generic_intervention,intervention,MRR@3,30,-0.033333,0.0,0.0,Descriptive paired comparison only; no causal intervention claim.
solver_only,solver_plus_online_generic_intervention,intervention,MultiFileRecall@6,30,-0.022222,0.0,0.0,Descriptive paired comparison only; no causal intervention claim.
solver_only,solver_plus_evidence_grounded_intervention,raw,FileHit@1,30,-0.033333,0.0,0.0,Descriptive paired comparison only; no causal intervention claim.
solver_only,solver_plus_evidence_grounded_intervention,raw,FileHit@3,30,0.0,0.0,0.0,Descriptive paired comparison only; no causal intervention claim.
solver_only,solver_plus_evidence_grounded_intervention,raw,FileHit@5,30,0.0,0.0,0.0,Descriptive paired comparison only; no causal intervention claim.
solver_only,solver_plus_evidence_grounded_intervention,raw,FileHit@6,30,0.0,0.0,0.0,Descriptive paired comparison only; no causal intervention claim.
solver_only,solver_plus_evidence_grounded_intervention,raw,MRR@3,30,-0.016667,0.0,0.0,Descriptive paired comparison only; no causal intervention claim.
solver_only,solver_plus_evidence_grounded_intervention,raw,MultiFileRecall@6,30,-0.00119,0.0,0.0,Descriptive paired comparison only; no causal intervention claim.
solver_only,solver_plus_evidence_grounded_intervention,audit,FileHit@1,30,-0.033333,0.0,0.0,Descriptive paired comparison only; no causal intervention claim.
solver_only,solver_plus_evidence_grounded_intervention,audit,FileHit@3,30,0.0,0.0,0.0,Descriptive paired comparison only; no causal intervention claim.
solver_only,solver_plus_evidence_grounded_intervention,audit,FileHit@5,30,0.0,0.0,0.0,Descriptive paired comparison only; no causal intervention claim.
solver_only,solver_plus_evidence_grounded_intervention,audit,FileHit@6,30,0.0,0.0,0.0,Descriptive paired comparison only; no causal intervention claim.
solver_only,solver_plus_evidence_grounded_intervention,audit,MRR@3,30,-0.016667,0.0,0.0,Descriptive paired comparison only; no causal intervention claim.
solver_only,solver_plus_evidence_grounded_intervention,audit,MultiFileRecall@6,30,-0.00119,0.0,0.0,Descriptive paired comparison only; no causal intervention claim.
solver_only,solver_plus_evidence_grounded_intervention,intervention,FileHit@1,30,-0.033333,0.0,0.0,Descriptive paired comparison only; no causal intervention claim.
solver_only,solver_plus_evidence_grounded_intervention,intervention,FileHit@3,30,0.0,0.0,0.0,Descriptive paired comparison only; no causal intervention claim.
solver_only,solver_plus_evidence_grounded_intervention,intervention,FileHit@5,30,0.0,0.0,0.0,Descriptive paired comparison only; no causal intervention claim.
solver_only,solver_plus_evidence_grounded_intervention,intervention,FileHit@6,30,0.0,0.0,0.0,Descriptive paired comparison only; no causal intervention claim.
solver_only,solver_plus_evidence_grounded_intervention,intervention,MRR@3,30,-0.016667,0.0,0.0,Descriptive paired comparison only; no causal intervention claim.
solver_only,solver_plus_evidence_grounded_intervention,intervention,MultiFileRecall@6,30,-0.00119,0.0,0.0,Descriptive paired comparison only; no causal intervention claim.
solver_only,solver_plus_full_shenji,raw,FileHit@1,30,-0.033333,0.0,0.0,Descriptive paired comparison only; no causal intervention claim.
solver_only,solver_plus_full_shenji,raw,FileHit@3,30,-0.033333,0.0,0.0,Descriptive paired comparison only; no causal intervention claim.
solver_only,solver_plus_full_shenji,raw,FileHit@5,30,-0.033333,0.0,0.0,Descriptive paired comparison only; no causal intervention claim.
solver_only,solver_plus_full_shenji,raw,FileHit@6,30,-0.033333,0.0,0.0,Descriptive paired comparison only; no causal intervention claim.
solver_only,solver_plus_full_shenji,raw,MRR@3,30,-0.033333,0.0,0.0,Descriptive paired comparison only; no causal intervention claim.
solver_only,solver_plus_full_shenji,raw,MultiFileRecall@6,30,-0.042857,0.0,0.0,Descriptive paired comparison only; no causal intervention claim.
solver_only,solver_plus_full_shenji,audit,FileHit@1,30,-0.033333,0.0,0.0,Descriptive paired comparison only; no causal intervention claim.
solver_only,solver_plus_full_shenji,audit,FileHit@3,30,-0.033333,0.0,0.0,Descriptive paired comparison only; no causal intervention claim.
solver_only,solver_plus_full_shenji,audit,FileHit@5,30,-0.033333,0.0,0.0,Descriptive paired comparison only; no causal intervention claim.
solver_only,solver_plus_full_shenji,audit,FileHit@6,30,-0.033333,0.0,0.0,Descriptive paired comparison only; no causal intervention claim.
solver_only,solver_plus_full_shenji,audit,MRR@3,30,-0.033333,0.0,0.0,Descriptive paired comparison only; no causal intervention claim.
solver_only,solver_plus_full_shenji,audit,MultiFileRecall@6,30,-0.031746,0.0,0.0,Descriptive paired comparison only; no causal intervention claim.
solver_only,solver_plus_full_shenji,intervention,FileHit@1,30,-0.033333,0.0,0.0,Descriptive paired comparison only; no causal intervention claim.
solver_only,solver_plus_full_shenji,intervention,FileHit@3,30,-0.033333,0.0,0.0,Descriptive paired comparison only; no causal intervention claim.
solver_only,solver_plus_full_shenji,intervention,FileHit@5,30,-0.033333,0.0,0.0,Descriptive paired comparison only; no causal intervention claim.
solver_only,solver_plus_full_shenji,intervention,FileHit@6,30,-0.033333,0.0,0.0,Descriptive paired comparison only; no causal intervention claim.
solver_only,solver_plus_full_shenji,intervention,MRR@3,30,-0.033333,0.0,0.0,Descriptive paired comparison only; no causal intervention claim.
solver_only,solver_plus_full_shenji,intervention,MultiFileRecall@6,30,-0.031746,0.0,0.0,Descriptive paired comparison only; no causal intervention claim.
