pair_key,pilot_task_id,instance_id,repo,one_shot_file_hit_1,tool_search_file_hit_1,delta_file_hit_1,one_shot_file_hit_3,tool_search_file_hit_3,delta_file_hit_3,one_shot_file_hit_5,tool_search_file_hit_5,delta_file_hit_5,one_shot_total_tokens,tool_search_total_tokens,delta_total_tokens,top1_changed,top5_jaccard
phase1_v2_task_001|r1,phase1_v2_task_001,instance_ansible__ansible-949c503f2ef4b2c5d668af0492a5c0db1ab86140-v0f01c69f1e2528b935359cfe578530722bca2c59,ansible/ansible,1,1,0,1,1,0,1,1,0,3109,6543,3434,1,0.8
phase1_v2_task_001|r2,phase1_v2_task_001,instance_ansible__ansible-949c503f2ef4b2c5d668af0492a5c0db1ab86140-v0f01c69f1e2528b935359cfe578530722bca2c59,ansible/ansible,1,1,0,1,1,0,1,1,0,2270,6236,3966,0,0.8
phase1_v2_task_001|r3,phase1_v2_task_001,instance_ansible__ansible-949c503f2ef4b2c5d668af0492a5c0db1ab86140-v0f01c69f1e2528b935359cfe578530722bca2c59,ansible/ansible,1,1,0,1,1,0,1,1,0,2828,6911,4083,0,0.6
phase1_v2_task_002|r1,phase1_v2_task_002,instance_ansible__ansible-3889ddeb4b780ab4bac9ca2e75f8c1991bcabe83-v0f01c69f1e2528b935359cfe578530722bca2c59,ansible/ansible,1,1,0,1,1,0,1,1,0,1232,5999,4767,0,0.666667
phase1_v2_task_002|r2,phase1_v2_task_002,instance_ansible__ansible-3889ddeb4b780ab4bac9ca2e75f8c1991bcabe83-v0f01c69f1e2528b935359cfe578530722bca2c59,ansible/ansible,1,1,0,1,1,0,1,1,0,1063,5945,4882,0,0.333333
phase1_v2_task_003|r1,phase1_v2_task_003,instance_ansible__ansible-83909bfa22573777e3db5688773bda59721962ad-vba6da65a0f3baefda7a058ebbd0a8dcafb8512f5,ansible/ansible,1,1,0,1,1,0,1,1,0,2044,7375,5331,1,0.2
phase1_v2_task_003|r2,phase1_v2_task_003,instance_ansible__ansible-83909bfa22573777e3db5688773bda59721962ad-vba6da65a0f3baefda7a058ebbd0a8dcafb8512f5,ansible/ansible,1,1,0,1,1,0,1,1,0,1989,7749,5760,0,0.285714
phase1_v2_task_004|r1,phase1_v2_task_004,instance_ansible__ansible-e0c91af45fa9af575d10fd3e724ebc59d2b2d6ac-v30a923fb5c164d6cd18280c02422f75e611e8fb2,ansible/ansible,1,1,0,1,1,0,1,1,0,872,6079,5207,0,1.0
phase1_v2_task_004|r2,phase1_v2_task_004,instance_ansible__ansible-e0c91af45fa9af575d10fd3e724ebc59d2b2d6ac-v30a923fb5c164d6cd18280c02422f75e611e8fb2,ansible/ansible,1,1,0,1,1,0,1,1,0,1084,6349,5265,0,1.0
phase1_v2_task_004|r3,phase1_v2_task_004,instance_ansible__ansible-e0c91af45fa9af575d10fd3e724ebc59d2b2d6ac-v30a923fb5c164d6cd18280c02422f75e611e8fb2,ansible/ansible,1,1,0,1,1,0,1,1,0,1477,6139,4662,0,1.0
phase1_v2_task_005|r1,phase1_v2_task_005,instance_ansible__ansible-42355d181a11b51ebfc56f6f4b3d9c74e01cb13b-v1055803c3a812189a1133297f7f5468579283f86,ansible/ansible,1,1,0,1,1,0,1,1,0,1729,6167,4438,0,0.5
phase1_v2_task_005|r2,phase1_v2_task_005,instance_ansible__ansible-42355d181a11b51ebfc56f6f4b3d9c74e01cb13b-v1055803c3a812189a1133297f7f5468579283f86,ansible/ansible,1,1,0,1,1,0,1,1,0,2180,6337,4157,0,0.25
phase1_v2_task_006|r1,phase1_v2_task_006,instance_ansible__ansible-b6290e1d156af608bd79118d209a64a051c55001-v390e508d27db7a51eece36bb6d9698b63a5b638a,ansible/ansible,1,0,-1,1,0,-1,1,0,-1,2037,7440,5403,1,0.0
phase1_v2_task_006|r2,phase1_v2_task_006,instance_ansible__ansible-b6290e1d156af608bd79118d209a64a051c55001-v390e508d27db7a51eece36bb6d9698b63a5b638a,ansible/ansible,1,1,0,1,1,0,1,1,0,1511,7571,6060,0,0.5
phase1_v2_task_007|r1,phase1_v2_task_007,instance_ansible__ansible-e22e103cdf8edc56ff7d9b848a58f94f1471a263-v1055803c3a812189a1133297f7f5468579283f86,ansible/ansible,1,1,0,1,1,0,1,1,0,1859,6799,4940,0,0.666667
phase1_v2_task_007|r2,phase1_v2_task_007,instance_ansible__ansible-e22e103cdf8edc56ff7d9b848a58f94f1471a263-v1055803c3a812189a1133297f7f5468579283f86,ansible/ansible,1,0,-1,1,1,0,1,1,0,2390,7052,4662,1,0.333333
phase1_v2_task_008|r1,phase1_v2_task_008,instance_ansible__ansible-a26c325bd8f6e2822d9d7e62f77a424c1db4fbf6-v0f01c69f1e2528b935359cfe578530722bca2c59,ansible/ansible,0,1,1,1,1,0,1,1,0,2212,7014,4802,1,0.142857
phase1_v2_task_008|r2,phase1_v2_task_008,instance_ansible__ansible-a26c325bd8f6e2822d9d7e62f77a424c1db4fbf6-v0f01c69f1e2528b935359cfe578530722bca2c59,ansible/ansible,0,1,1,1,1,0,1,1,0,1699,6735,5036,1,0.2
phase1_v2_task_009|r1,phase1_v2_task_009,instance_ansible__ansible-0fd88717c953b92ed8a50495d55e630eb5d59166-vba6da65a0f3baefda7a058ebbd0a8dcafb8512f5,ansible/ansible,1,1,0,1,1,0,1,1,0,1473,6990,5517,0,1.0
phase1_v2_task_009|r2,phase1_v2_task_009,instance_ansible__ansible-0fd88717c953b92ed8a50495d55e630eb5d59166-vba6da65a0f3baefda7a058ebbd0a8dcafb8512f5,ansible/ansible,1,1,0,1,1,0,1,1,0,1285,6456,5171,0,0.5
phase1_v2_task_010|r1,phase1_v2_task_010,instance_ansible__ansible-395e5e20fab9cad517243372fa3c3c5d9e09ab2a-v7eee2454f617569fd6889f2211f75bc02a35f9f8,ansible/ansible,1,1,0,1,1,0,1,1,0,2569,6830,4261,0,0.25
phase1_v2_task_010|r2,phase1_v2_task_010,instance_ansible__ansible-395e5e20fab9cad517243372fa3c3c5d9e09ab2a-v7eee2454f617569fd6889f2211f75bc02a35f9f8,ansible/ansible,1,1,0,1,1,0,1,1,0,2855,6494,3639,0,0.428571
phase1_v2_task_011|r1,phase1_v2_task_011,instance_ansible__ansible-f8ef34672b961a95ec7282643679492862c688ec-vba6da65a0f3baefda7a058ebbd0a8dcafb8512f5,ansible/ansible,1,1,0,1,1,0,1,1,0,3254,7351,4097,0,0.111111
phase1_v2_task_011|r2,phase1_v2_task_011,instance_ansible__ansible-f8ef34672b961a95ec7282643679492862c688ec-vba6da65a0f3baefda7a058ebbd0a8dcafb8512f5,ansible/ansible,1,1,0,1,1,0,1,1,0,3007,7237,4230,1,0.25
phase1_v2_task_011|r3,phase1_v2_task_011,instance_ansible__ansible-f8ef34672b961a95ec7282643679492862c688ec-vba6da65a0f3baefda7a058ebbd0a8dcafb8512f5,ansible/ansible,1,1,0,1,1,0,1,1,0,2915,6539,3624,0,0.285714
phase1_v2_task_012|r1,phase1_v2_task_012,instance_ansible__ansible-cd9c4eb5a6b2bfaf4a6709f001ce3d0c92c1eed2-v0f01c69f1e2528b935359cfe578530722bca2c59,ansible/ansible,1,1,0,1,1,0,1,1,0,1781,5926,4145,0,1.0
phase1_v2_task_012|r2,phase1_v2_task_012,instance_ansible__ansible-cd9c4eb5a6b2bfaf4a6709f001ce3d0c92c1eed2-v0f01c69f1e2528b935359cfe578530722bca2c59,ansible/ansible,1,1,0,1,1,0,1,1,0,1708,5898,4190,0,1.0
phase1_v2_task_013|r1,phase1_v2_task_013,instance_ansible__ansible-d2f80991180337e2be23d6883064a67dcbaeb662-vba6da65a0f3baefda7a058ebbd0a8dcafb8512f5,ansible/ansible,0,1,1,0,1,1,0,1,1,1810,6290,4480,1,0.142857
phase1_v2_task_013|r2,phase1_v2_task_013,instance_ansible__ansible-d2f80991180337e2be23d6883064a67dcbaeb662-vba6da65a0f3baefda7a058ebbd0a8dcafb8512f5,ansible/ansible,0,1,1,0,1,1,0,1,1,1235,6370,5135,1,0.2
phase1_v2_task_014|r1,phase1_v2_task_014,instance_ansible__ansible-f86c58e2d235d8b96029d102c71ee2dfafd57997-v0f01c69f1e2528b935359cfe578530722bca2c59,ansible/ansible,0,0,0,0,0,0,0,0,0,1182,6491,5309,0,1.0
phase1_v2_task_014|r2,phase1_v2_task_014,instance_ansible__ansible-f86c58e2d235d8b96029d102c71ee2dfafd57997-v0f01c69f1e2528b935359cfe578530722bca2c59,ansible/ansible,0,0,0,0,0,0,0,0,0,1334,6392,5058,0,1.0
phase1_v2_task_014|r3,phase1_v2_task_014,instance_ansible__ansible-f86c58e2d235d8b96029d102c71ee2dfafd57997-v0f01c69f1e2528b935359cfe578530722bca2c59,ansible/ansible,0,0,0,0,0,0,0,0,0,1401,6538,5137,0,1.0
phase1_v2_task_015|r1,phase1_v2_task_015,instance_ansible__ansible-e64c6c1ca50d7d26a8e7747d8eb87642e767cd74-v0f01c69f1e2528b935359cfe578530722bca2c59,ansible/ansible,0,1,1,0,1,1,0,1,1,2912,7473,4561,1,0.0
phase1_v2_task_015|r2,phase1_v2_task_015,instance_ansible__ansible-e64c6c1ca50d7d26a8e7747d8eb87642e767cd74-v0f01c69f1e2528b935359cfe578530722bca2c59,ansible/ansible,0,1,1,0,1,1,0,1,1,3070,7462,4392,1,0.0
phase1_v2_task_016|r1,phase1_v2_task_016,instance_ansible__ansible-39bd8b99ec8c6624207bf3556ac7f9626dad9173-v1055803c3a812189a1133297f7f5468579283f86,ansible/ansible,0,0,0,0,1,1,0,1,1,1766,5935,4169,1,0.0
phase1_v2_task_016|r2,phase1_v2_task_016,instance_ansible__ansible-39bd8b99ec8c6624207bf3556ac7f9626dad9173-v1055803c3a812189a1133297f7f5468579283f86,ansible/ansible,0,1,1,0,1,1,0,1,1,1843,6094,4251,1,0.0
phase1_v2_task_017|r1,phase1_v2_task_017,instance_ansible__ansible-106909db8b730480615f4a33de0eb5b710944e78-v0f01c69f1e2528b935359cfe578530722bca2c59,ansible/ansible,1,1,0,1,1,0,1,1,0,1637,6799,5162,1,0.5
phase1_v2_task_017|r2,phase1_v2_task_017,instance_ansible__ansible-106909db8b730480615f4a33de0eb5b710944e78-v0f01c69f1e2528b935359cfe578530722bca2c59,ansible/ansible,1,1,0,1,1,0,1,1,0,2129,7092,4963,1,0.666667
phase1_v2_task_017|r3,phase1_v2_task_017,instance_ansible__ansible-106909db8b730480615f4a33de0eb5b710944e78-v0f01c69f1e2528b935359cfe578530722bca2c59,ansible/ansible,1,1,0,1,1,0,1,1,0,1705,6760,5055,1,0.5
phase1_v2_task_018|r1,phase1_v2_task_018,instance_ansible__ansible-9759e0ca494de1fd5fc2df2c5d11c57adbe6007c-v1055803c3a812189a1133297f7f5468579283f86,ansible/ansible,1,1,0,1,1,0,1,1,0,1774,6849,5075,0,0.25
phase1_v2_task_018|r2,phase1_v2_task_018,instance_ansible__ansible-9759e0ca494de1fd5fc2df2c5d11c57adbe6007c-v1055803c3a812189a1133297f7f5468579283f86,ansible/ansible,1,0,-1,1,0,-1,1,0,-1,2180,5992,3812,1,0.0
phase1_v2_task_019|r1,phase1_v2_task_019,instance_ansible__ansible-29aea9ff3466e4cd2ed00524b9e56738d568ce8b-vba6da65a0f3baefda7a058ebbd0a8dcafb8512f5,ansible/ansible,1,0,-1,1,1,0,1,1,0,2190,6271,4081,1,0.5
phase1_v2_task_019|r2,phase1_v2_task_019,instance_ansible__ansible-29aea9ff3466e4cd2ed00524b9e56738d568ce8b-vba6da65a0f3baefda7a058ebbd0a8dcafb8512f5,ansible/ansible,0,0,0,0,1,1,0,1,1,2055,6432,4377,0,0.5
phase1_v2_task_019|r3,phase1_v2_task_019,instance_ansible__ansible-29aea9ff3466e4cd2ed00524b9e56738d568ce8b-vba6da65a0f3baefda7a058ebbd0a8dcafb8512f5,ansible/ansible,1,0,-1,1,1,0,1,1,0,2765,6322,3557,1,0.4
phase1_v2_task_020|r1,phase1_v2_task_020,instance_ansible__ansible-5e88cd9972f10b66dd97e1ee684c910c6a2dd25e-v906c969b551b346ef54a2c0b41e04f632b7b73c2,ansible/ansible,0,0,0,0,0,0,0,0,0,1641,6814,5173,1,0.0
phase1_v2_task_020|r2,phase1_v2_task_020,instance_ansible__ansible-5e88cd9972f10b66dd97e1ee684c910c6a2dd25e-v906c969b551b346ef54a2c0b41e04f632b7b73c2,ansible/ansible,0,0,0,0,0,0,0,0,0,1910,6930,5020,1,0.0
phase1_v2_task_021|r1,phase1_v2_task_021,instance_ansible__ansible-fb144c44144f8bd3542e71f5db62b6d322c7bd85-vba6da65a0f3baefda7a058ebbd0a8dcafb8512f5,ansible/ansible,1,1,0,1,1,0,1,1,0,1893,7584,5691,0,0.5
phase1_v2_task_021|r2,phase1_v2_task_021,instance_ansible__ansible-fb144c44144f8bd3542e71f5db62b6d322c7bd85-vba6da65a0f3baefda7a058ebbd0a8dcafb8512f5,ansible/ansible,1,1,0,1,1,0,1,1,0,2953,6872,3919,0,0.5
phase1_v2_task_021|r3,phase1_v2_task_021,instance_ansible__ansible-fb144c44144f8bd3542e71f5db62b6d322c7bd85-vba6da65a0f3baefda7a058ebbd0a8dcafb8512f5,ansible/ansible,1,1,0,1,1,0,1,1,0,1958,7508,5550,0,0.333333
phase1_v2_task_022|r1,phase1_v2_task_022,instance_ansible__ansible-9a21e247786ebd294dafafca1105fcd770ff46c6-v67cdaa49f89b34e42b69d5b7830b3c3ad3d8803f,ansible/ansible,1,0,-1,1,1,0,1,1,0,1193,6718,5525,1,0.666667
phase1_v2_task_022|r2,phase1_v2_task_022,instance_ansible__ansible-9a21e247786ebd294dafafca1105fcd770ff46c6-v67cdaa49f89b34e42b69d5b7830b3c3ad3d8803f,ansible/ansible,1,1,0,1,1,0,1,1,0,1222,6505,5283,0,0.5
phase1_v2_task_022|r3,phase1_v2_task_022,instance_ansible__ansible-9a21e247786ebd294dafafca1105fcd770ff46c6-v67cdaa49f89b34e42b69d5b7830b3c3ad3d8803f,ansible/ansible,1,1,0,1,1,0,1,1,0,1669,6545,4876,0,0.5
phase1_v2_task_023|r1,phase1_v2_task_023,instance_ansible__ansible-9142be2f6cabbe6597c9254c5bb9186d17036d55-v0f01c69f1e2528b935359cfe578530722bca2c59,ansible/ansible,1,1,0,1,1,0,1,1,0,1754,6687,4933,0,0.666667
phase1_v2_task_023|r2,phase1_v2_task_023,instance_ansible__ansible-9142be2f6cabbe6597c9254c5bb9186d17036d55-v0f01c69f1e2528b935359cfe578530722bca2c59,ansible/ansible,1,1,0,1,1,0,1,1,0,1378,6650,5272,0,0.666667
phase1_v2_task_023|r3,phase1_v2_task_023,instance_ansible__ansible-9142be2f6cabbe6597c9254c5bb9186d17036d55-v0f01c69f1e2528b935359cfe578530722bca2c59,ansible/ansible,1,1,0,1,1,0,1,1,0,2148,6624,4476,0,0.25
phase1_v2_task_024|r1,phase1_v2_task_024,instance_ansible__ansible-4c5ce5a1a9e79a845aff4978cfeb72a0d4ecf7d6-v1055803c3a812189a1133297f7f5468579283f86,ansible/ansible,1,1,0,1,1,0,1,1,0,1936,8463,6527,0,0.25
phase1_v2_task_024|r2,phase1_v2_task_024,instance_ansible__ansible-4c5ce5a1a9e79a845aff4978cfeb72a0d4ecf7d6-v1055803c3a812189a1133297f7f5468579283f86,ansible/ansible,1,0,-1,1,1,0,1,1,0,1878,7156,5278,1,0.0
phase1_v2_task_025|r1,phase1_v2_task_025,instance_ansible__ansible-d6d2251929c84c3aa883bad7db0f19cc9ff0339e-v30a923fb5c164d6cd18280c02422f75e611e8fb2,ansible/ansible,1,1,0,1,1,0,1,1,0,2077,6239,4162,0,0.285714
phase1_v2_task_025|r2,phase1_v2_task_025,instance_ansible__ansible-d6d2251929c84c3aa883bad7db0f19cc9ff0339e-v30a923fb5c164d6cd18280c02422f75e611e8fb2,ansible/ansible,1,1,0,1,1,0,1,1,0,1135,6413,5278,0,0.285714
phase1_v2_task_026|r1,phase1_v2_task_026,instance_ansible__ansible-cd473dfb2fdbc97acf3293c134b21cbbcfa89ec3-vba6da65a0f3baefda7a058ebbd0a8dcafb8512f5,ansible/ansible,1,1,0,1,1,0,1,1,0,1639,7876,6237,0,0.5
phase1_v2_task_026|r2,phase1_v2_task_026,instance_ansible__ansible-cd473dfb2fdbc97acf3293c134b21cbbcfa89ec3-vba6da65a0f3baefda7a058ebbd0a8dcafb8512f5,ansible/ansible,1,1,0,1,1,0,1,1,0,1581,7826,6245,0,0.5
phase1_v2_task_027|r1,phase1_v2_task_027,instance_ansible__ansible-5c225dc0f5bfa677addeac100a8018df3f3a9db1-v173091e2e36d38c978002990795f66cfc0af30ad,ansible/ansible,1,1,0,1,1,0,1,1,0,1159,6876,5717,0,0.5
phase1_v2_task_027|r2,phase1_v2_task_027,instance_ansible__ansible-5c225dc0f5bfa677addeac100a8018df3f3a9db1-v173091e2e36d38c978002990795f66cfc0af30ad,ansible/ansible,1,1,0,1,1,0,1,1,0,1090,6806,5716,0,0.5
phase1_v2_task_028|r1,phase1_v2_task_028,instance_ansible__ansible-b2a289dcbb702003377221e25f62c8a3608f0e89-v173091e2e36d38c978002990795f66cfc0af30ad,ansible/ansible,0,0,0,0,0,0,0,0,0,2067,6499,4432,1,0.0
phase1_v2_task_028|r2,phase1_v2_task_028,instance_ansible__ansible-b2a289dcbb702003377221e25f62c8a3608f0e89-v173091e2e36d38c978002990795f66cfc0af30ad,ansible/ansible,0,0,0,0,0,0,0,0,0,2176,6324,4148,1,0.0
phase1_v2_task_029|r1,phase1_v2_task_029,instance_ansible__ansible-1a4644ff15355fd696ac5b9d074a566a80fe7ca3-v30a923fb5c164d6cd18280c02422f75e611e8fb2,ansible/ansible,1,1,0,1,1,0,1,1,0,1622,5415,3793,0,1.0
phase1_v2_task_029|r2,phase1_v2_task_029,instance_ansible__ansible-1a4644ff15355fd696ac5b9d074a566a80fe7ca3-v30a923fb5c164d6cd18280c02422f75e611e8fb2,ansible/ansible,1,1,0,1,1,0,1,1,0,1325,5548,4223,0,0.5
phase1_v2_task_030|r1,phase1_v2_task_030,instance_ansible__ansible-b8025ac160146319d2b875be3366b60c852dd35d-v0f01c69f1e2528b935359cfe578530722bca2c59,ansible/ansible,1,1,0,1,1,0,1,1,0,1596,7599,6003,0,0.666667
phase1_v2_task_030|r2,phase1_v2_task_030,instance_ansible__ansible-b8025ac160146319d2b875be3366b60c852dd35d-v0f01c69f1e2528b935359cfe578530722bca2c59,ansible/ansible,1,1,0,1,1,0,1,1,0,1248,7373,6125,0,0.8
phase1_v2_task_031|r1,phase1_v2_task_031,instance_ansible__ansible-f02a62db509dc7463fab642c9c3458b9bc3476cc-v390e508d27db7a51eece36bb6d9698b63a5b638a,ansible/ansible,0,1,1,0,1,1,0,1,1,1793,6612,4819,1,0.0
phase1_v2_task_031|r2,phase1_v2_task_031,instance_ansible__ansible-f02a62db509dc7463fab642c9c3458b9bc3476cc-v390e508d27db7a51eece36bb6d9698b63a5b638a,ansible/ansible,0,1,1,0,1,1,0,1,1,1646,6406,4760,1,0.0
phase1_v2_task_032|r1,phase1_v2_task_032,instance_ansible__ansible-189fcb37f973f0b1d52b555728208eeb9a6fce83-v906c969b551b346ef54a2c0b41e04f632b7b73c2,ansible/ansible,1,1,0,1,1,0,1,1,0,1709,5629,3920,0,0.5
phase1_v2_task_032|r2,phase1_v2_task_032,instance_ansible__ansible-189fcb37f973f0b1d52b555728208eeb9a6fce83-v906c969b551b346ef54a2c0b41e04f632b7b73c2,ansible/ansible,1,1,0,1,1,0,1,1,0,1277,5826,4549,0,0.2
phase1_v2_task_033|r1,phase1_v2_task_033,instance_ansible__ansible-ea04e0048dbb3b63f876aad7020e1de8eee9f362-v1055803c3a812189a1133297f7f5468579283f86,ansible/ansible,1,0,-1,1,0,-1,1,0,-1,2228,7177,4949,1,0.0
phase1_v2_task_033|r2,phase1_v2_task_033,instance_ansible__ansible-ea04e0048dbb3b63f876aad7020e1de8eee9f362-v1055803c3a812189a1133297f7f5468579283f86,ansible/ansible,1,0,-1,1,1,0,1,1,0,2289,7246,4957,1,0.25
phase1_v2_task_033|r3,phase1_v2_task_033,instance_ansible__ansible-ea04e0048dbb3b63f876aad7020e1de8eee9f362-v1055803c3a812189a1133297f7f5468579283f86,ansible/ansible,1,0,-1,1,0,-1,1,0,-1,2980,6751,3771,1,0.0
phase1_v2_task_034|r1,phase1_v2_task_034,instance_ansible__ansible-5e369604e1930b1a2e071fecd7ec5276ebd12cb1-v0f01c69f1e2528b935359cfe578530722bca2c59,ansible/ansible,1,1,0,1,1,0,1,1,0,3024,6410,3386,1,0.666667
phase1_v2_task_034|r2,phase1_v2_task_034,instance_ansible__ansible-5e369604e1930b1a2e071fecd7ec5276ebd12cb1-v0f01c69f1e2528b935359cfe578530722bca2c59,ansible/ansible,1,1,0,1,1,0,1,1,0,2584,6067,3483,1,0.4
phase1_v2_task_035|r1,phase1_v2_task_035,instance_ansible__ansible-5d253a13807e884b7ce0b6b57a963a45e2f0322c-v1055803c3a812189a1133297f7f5468579283f86,ansible/ansible,1,1,0,1,1,0,1,1,0,1810,6392,4582,0,1.0
phase1_v2_task_035|r2,phase1_v2_task_035,instance_ansible__ansible-5d253a13807e884b7ce0b6b57a963a45e2f0322c-v1055803c3a812189a1133297f7f5468579283f86,ansible/ansible,1,1,0,1,1,0,1,1,0,1589,6465,4876,0,0.666667
phase1_v2_task_036|r1,phase1_v2_task_036,instance_ansible__ansible-e40889e7112ae00a21a2c74312b330e67a766cc0-v1055803c3a812189a1133297f7f5468579283f86,ansible/ansible,1,1,0,1,1,0,1,1,0,2021,7424,5403,0,0.428571
phase1_v2_task_036|r2,phase1_v2_task_036,instance_ansible__ansible-e40889e7112ae00a21a2c74312b330e67a766cc0-v1055803c3a812189a1133297f7f5468579283f86,ansible/ansible,1,1,0,1,1,0,1,1,0,2005,7777,5772,0,0.428571
phase1_v2_task_037|r1,phase1_v2_task_037,instance_ansible__ansible-935528e22e5283ee3f63a8772830d3d01f55ed8c-vba6da65a0f3baefda7a058ebbd0a8dcafb8512f5,ansible/ansible,1,1,0,1,1,0,1,1,0,2425,6673,4248,0,1.0
phase1_v2_task_037|r2,phase1_v2_task_037,instance_ansible__ansible-935528e22e5283ee3f63a8772830d3d01f55ed8c-vba6da65a0f3baefda7a058ebbd0a8dcafb8512f5,ansible/ansible,1,1,0,1,1,0,1,1,0,2296,6780,4484,0,0.5
phase1_v2_task_038|r1,phase1_v2_task_038,instance_ansible__ansible-984216f52e76b904e5b0fa0fb956ab4f1e0a7751-v1055803c3a812189a1133297f7f5468579283f86,ansible/ansible,1,1,0,1,1,0,1,1,0,2886,7487,4601,0,0.333333
phase1_v2_task_038|r2,phase1_v2_task_038,instance_ansible__ansible-984216f52e76b904e5b0fa0fb956ab4f1e0a7751-v1055803c3a812189a1133297f7f5468579283f86,ansible/ansible,1,1,0,1,1,0,1,1,0,2074,7523,5449,0,0.142857
phase1_v2_task_039|r1,phase1_v2_task_039,instance_ansible__ansible-de01db08d00c8d2438e1ba5989c313ba16a145b0-vba6da65a0f3baefda7a058ebbd0a8dcafb8512f5,ansible/ansible,0,0,0,0,0,0,0,0,0,1257,5899,4642,0,1.0
phase1_v2_task_039|r2,phase1_v2_task_039,instance_ansible__ansible-de01db08d00c8d2438e1ba5989c313ba16a145b0-vba6da65a0f3baefda7a058ebbd0a8dcafb8512f5,ansible/ansible,0,0,0,0,0,0,0,0,0,1211,5966,4755,0,1.0
phase1_v2_task_039|r3,phase1_v2_task_039,instance_ansible__ansible-de01db08d00c8d2438e1ba5989c313ba16a145b0-vba6da65a0f3baefda7a058ebbd0a8dcafb8512f5,ansible/ansible,0,0,0,0,0,0,0,0,0,1325,5786,4461,0,1.0
phase1_v2_task_040|r1,phase1_v2_task_040,instance_ansible__ansible-1ee70fc272aff6bf3415357c6e13c5de5b928d9b-v1055803c3a812189a1133297f7f5468579283f86,ansible/ansible,1,1,0,1,1,0,1,1,0,1128,7236,6108,0,1.0
phase1_v2_task_040|r2,phase1_v2_task_040,instance_ansible__ansible-1ee70fc272aff6bf3415357c6e13c5de5b928d9b-v1055803c3a812189a1133297f7f5468579283f86,ansible/ansible,1,1,0,1,1,0,1,1,0,1124,6823,5699,0,1.0
phase1_v2_task_041|r1,phase1_v2_task_041,instance_internetarchive__openlibrary-d40ec88713dc95ea791b252f92d2f7b75e107440-v13642507b4fc1f8d234172bf8129942da2c2ca26,internetarchive/openlibrary,1,1,0,1,1,0,1,1,0,2543,6381,3838,0,0.111111
phase1_v2_task_041|r2,phase1_v2_task_041,instance_internetarchive__openlibrary-d40ec88713dc95ea791b252f92d2f7b75e107440-v13642507b4fc1f8d234172bf8129942da2c2ca26,internetarchive/openlibrary,1,0,-1,1,0,-1,1,0,-1,2183,6092,3909,1,0.0
phase1_v2_task_041|r3,phase1_v2_task_041,instance_internetarchive__openlibrary-d40ec88713dc95ea791b252f92d2f7b75e107440-v13642507b4fc1f8d234172bf8129942da2c2ca26,internetarchive/openlibrary,0,0,0,0,1,1,0,1,1,2822,6702,3880,1,0.0
phase1_v2_task_042|r1,phase1_v2_task_042,instance_internetarchive__openlibrary-b4f7c185ae5f1824ac7f3a18e8adf6a4b468459c-v08d8e8889ec945ab821fb156c04c7d2e2810debb,internetarchive/openlibrary,0,0,0,0,1,1,0,1,1,1265,6875,5610,1,0.0
phase1_v2_task_042|r2,phase1_v2_task_042,instance_internetarchive__openlibrary-b4f7c185ae5f1824ac7f3a18e8adf6a4b468459c-v08d8e8889ec945ab821fb156c04c7d2e2810debb,internetarchive/openlibrary,0,0,0,0,1,1,0,1,1,1284,6619,5335,1,0.0
phase1_v2_task_043|r1,phase1_v2_task_043,instance_internetarchive__openlibrary-6fdbbeee4c0a7e976ff3e46fb1d36f4eb110c428-v08d8e8889ec945ab821fb156c04c7d2e2810debb,internetarchive/openlibrary,0,1,1,0,1,1,0,1,1,1250,6782,5532,1,0.0
phase1_v2_task_043|r2,phase1_v2_task_043,instance_internetarchive__openlibrary-6fdbbeee4c0a7e976ff3e46fb1d36f4eb110c428-v08d8e8889ec945ab821fb156c04c7d2e2810debb,internetarchive/openlibrary,0,1,1,0,1,1,0,1,1,1210,6692,5482,1,0.0
phase1_v2_task_044|r1,phase1_v2_task_044,instance_internetarchive__openlibrary-4a5d2a7d24c9e4c11d3069220c0685b736d5ecde-v13642507b4fc1f8d234172bf8129942da2c2ca26,internetarchive/openlibrary,0,1,1,0,1,1,0,1,1,1172,6514,5342,1,0.0
phase1_v2_task_044|r2,phase1_v2_task_044,instance_internetarchive__openlibrary-4a5d2a7d24c9e4c11d3069220c0685b736d5ecde-v13642507b4fc1f8d234172bf8129942da2c2ca26,internetarchive/openlibrary,0,1,1,0,1,1,0,1,1,1671,6403,4732,1,0.0
phase1_v2_task_044|r3,phase1_v2_task_044,instance_internetarchive__openlibrary-4a5d2a7d24c9e4c11d3069220c0685b736d5ecde-v13642507b4fc1f8d234172bf8129942da2c2ca26,internetarchive/openlibrary,0,1,1,0,1,1,0,1,1,1185,6430,5245,1,0.0
phase1_v2_task_045|r1,phase1_v2_task_045,instance_internetarchive__openlibrary-00bec1e7c8f3272c469a58e1377df03f955ed478-v13642507b4fc1f8d234172bf8129942da2c2ca26,internetarchive/openlibrary,1,1,0,1,1,0,1,1,0,1183,6489,5306,1,0.166667
phase1_v2_task_045|r2,phase1_v2_task_045,instance_internetarchive__openlibrary-00bec1e7c8f3272c469a58e1377df03f955ed478-v13642507b4fc1f8d234172bf8129942da2c2ca26,internetarchive/openlibrary,0,1,1,0,1,1,0,1,1,1242,6529,5287,1,0.0
phase1_v2_task_045|r3,phase1_v2_task_045,instance_internetarchive__openlibrary-00bec1e7c8f3272c469a58e1377df03f955ed478-v13642507b4fc1f8d234172bf8129942da2c2ca26,internetarchive/openlibrary,1,1,0,1,1,0,1,1,0,1365,6827,5462,1,0.166667
phase1_v2_task_046|r1,phase1_v2_task_046,instance_internetarchive__openlibrary-3aeec6afed9198d734b7ee1293f03ca94ff970e1-v13642507b4fc1f8d234172bf8129942da2c2ca26,internetarchive/openlibrary,0,0,0,0,0,0,0,0,0,1208,6761,5553,1,0.0
phase1_v2_task_046|r2,phase1_v2_task_046,instance_internetarchive__openlibrary-3aeec6afed9198d734b7ee1293f03ca94ff970e1-v13642507b4fc1f8d234172bf8129942da2c2ca26,internetarchive/openlibrary,0,0,0,0,0,0,0,0,0,1264,6672,5408,1,0.0
phase1_v2_task_046|r3,phase1_v2_task_046,instance_internetarchive__openlibrary-3aeec6afed9198d734b7ee1293f03ca94ff970e1-v13642507b4fc1f8d234172bf8129942da2c2ca26,internetarchive/openlibrary,0,0,0,0,0,0,0,0,0,1740,6651,4911,0,1.0
phase1_v2_task_047|r1,phase1_v2_task_047,instance_internetarchive__openlibrary-c506c1b0b678892af5cb22c1c1dbc35d96787a0a-v0f5aece3601a5b4419f7ccec1dbda2071be28ee4,internetarchive/openlibrary,0,0,0,0,0,0,0,0,0,1250,6245,4995,1,0.0
phase1_v2_task_047|r2,phase1_v2_task_047,instance_internetarchive__openlibrary-c506c1b0b678892af5cb22c1c1dbc35d96787a0a-v0f5aece3601a5b4419f7ccec1dbda2071be28ee4,internetarchive/openlibrary,0,0,0,0,0,0,0,0,0,1674,6368,4694,1,0.0
phase1_v2_task_048|r1,phase1_v2_task_048,instance_internetarchive__openlibrary-7cbfb812ef0e1f9716e2d6e85d538a96fcb79d13-vfa6ff903cb27f336e17654595dd900fa943dcd91,internetarchive/openlibrary,1,1,0,1,1,0,1,1,0,1082,5841,4759,0,1.0
phase1_v2_task_048|r2,phase1_v2_task_048,instance_internetarchive__openlibrary-7cbfb812ef0e1f9716e2d6e85d538a96fcb79d13-vfa6ff903cb27f336e17654595dd900fa943dcd91,internetarchive/openlibrary,1,1,0,1,1,0,1,1,0,984,5891,4907,0,1.0
phase1_v2_task_049|r1,phase1_v2_task_049,instance_internetarchive__openlibrary-fad4a40acf5ff5f06cd7441a5c7baf41a7d81fe4-vfa6ff903cb27f336e17654595dd900fa943dcd91,internetarchive/openlibrary,1,1,0,1,1,0,1,1,0,1066,6249,5183,0,0.5
phase1_v2_task_049|r2,phase1_v2_task_049,instance_internetarchive__openlibrary-fad4a40acf5ff5f06cd7441a5c7baf41a7d81fe4-vfa6ff903cb27f336e17654595dd900fa943dcd91,internetarchive/openlibrary,1,1,0,1,1,0,1,1,0,855,6078,5223,0,0.5
phase1_v2_task_050|r1,phase1_v2_task_050,instance_internetarchive__openlibrary-b67138b316b1e9c11df8a4a8391fe5cc8e75ff9f-ve8c8d62a2b60610a3c4631f5f23ed866bada9818,internetarchive/openlibrary,0,1,1,0,1,1,0,1,1,1236,5767,4531,1,0.0
phase1_v2_task_050|r2,phase1_v2_task_050,instance_internetarchive__openlibrary-b67138b316b1e9c11df8a4a8391fe5cc8e75ff9f-ve8c8d62a2b60610a3c4631f5f23ed866bada9818,internetarchive/openlibrary,1,1,0,1,1,0,1,1,0,1669,5366,3697,0,0.142857
phase1_v2_task_051|r1,phase1_v2_task_051,instance_internetarchive__openlibrary-3c48b4bb782189e0858e6c3fc7956046cf3e1cfb-v2d9a6c849c60ed19fd0858ce9e40b7cc8e097e59,internetarchive/openlibrary,0,1,1,0,1,1,0,1,1,1388,5971,4583,1,0.0
phase1_v2_task_051|r2,phase1_v2_task_051,instance_internetarchive__openlibrary-3c48b4bb782189e0858e6c3fc7956046cf3e1cfb-v2d9a6c849c60ed19fd0858ce9e40b7cc8e097e59,internetarchive/openlibrary,1,0,-1,1,0,-1,1,0,-1,1511,6455,4944,1,0.142857
phase1_v2_task_052|r1,phase1_v2_task_052,instance_internetarchive__openlibrary-d8162c226a9d576f094dc1830c4c1ffd0be2dd17-v76304ecdb3a5954fcf13feb710e8c40fcf24b73c,internetarchive/openlibrary,0,0,0,0,1,1,0,1,1,2225,5215,2990,1,0.0
phase1_v2_task_052|r2,phase1_v2_task_052,instance_internetarchive__openlibrary-d8162c226a9d576f094dc1830c4c1ffd0be2dd17-v76304ecdb3a5954fcf13feb710e8c40fcf24b73c,internetarchive/openlibrary,0,0,0,0,1,1,0,1,1,1660,5410,3750,1,0.0
phase1_v2_task_052|r3,phase1_v2_task_052,instance_internetarchive__openlibrary-d8162c226a9d576f094dc1830c4c1ffd0be2dd17-v76304ecdb3a5954fcf13feb710e8c40fcf24b73c,internetarchive/openlibrary,0,0,0,0,1,1,0,1,1,1592,5730,4138,1,0.0
phase1_v2_task_053|r1,phase1_v2_task_053,instance_internetarchive__openlibrary-111347e9583372e8ef91c82e0612ea437ae3a9c9-v2d9a6c849c60ed19fd0858ce9e40b7cc8e097e59,internetarchive/openlibrary,0,1,1,0,1,1,0,1,1,1548,5358,3810,1,0.0
phase1_v2_task_053|r2,phase1_v2_task_053,instance_internetarchive__openlibrary-111347e9583372e8ef91c82e0612ea437ae3a9c9-v2d9a6c849c60ed19fd0858ce9e40b7cc8e097e59,internetarchive/openlibrary,0,1,1,0,1,1,0,1,1,1311,5797,4486,1,0.0
phase1_v2_task_053|r3,phase1_v2_task_053,instance_internetarchive__openlibrary-111347e9583372e8ef91c82e0612ea437ae3a9c9-v2d9a6c849c60ed19fd0858ce9e40b7cc8e097e59,internetarchive/openlibrary,0,1,1,0,1,1,0,1,1,1718,5567,3849,1,0.0
phase1_v2_task_054|r1,phase1_v2_task_054,instance_internetarchive__openlibrary-0a90f9f0256e4f933523e9842799e39f95ae29ce-v76304ecdb3a5954fcf13feb710e8c40fcf24b73c,internetarchive/openlibrary,1,0,-1,1,1,0,1,1,0,1773,6152,4379,1,0.25
phase1_v2_task_054|r2,phase1_v2_task_054,instance_internetarchive__openlibrary-0a90f9f0256e4f933523e9842799e39f95ae29ce-v76304ecdb3a5954fcf13feb710e8c40fcf24b73c,internetarchive/openlibrary,0,0,0,1,1,0,1,1,0,1798,6119,4321,1,0.2
phase1_v2_task_054|r3,phase1_v2_task_054,instance_internetarchive__openlibrary-0a90f9f0256e4f933523e9842799e39f95ae29ce-v76304ecdb3a5954fcf13feb710e8c40fcf24b73c,internetarchive/openlibrary,1,0,-1,1,0,-1,1,0,-1,1356,6086,4730,1,0.0
phase1_v2_task_055|r1,phase1_v2_task_055,instance_internetarchive__openlibrary-c12943be1db80cf1114bc267ddf4f9933aca9b28-v2c55207218fb8a0138425cbf7d9675272e240b90,internetarchive/openlibrary,0,0,0,0,0,0,0,0,0,2356,6644,4288,1,0.0
phase1_v2_task_055|r2,phase1_v2_task_055,instance_internetarchive__openlibrary-c12943be1db80cf1114bc267ddf4f9933aca9b28-v2c55207218fb8a0138425cbf7d9675272e240b90,internetarchive/openlibrary,0,0,0,0,0,0,0,0,0,1951,6927,4976,1,0.0
phase1_v2_task_056|r1,phase1_v2_task_056,instance_internetarchive__openlibrary-25858f9f0c165df25742acf8309ce909773f0cdd-v13642507b4fc1f8d234172bf8129942da2c2ca26,internetarchive/openlibrary,1,1,0,1,1,0,1,1,0,1103,6628,5525,1,0.8
phase1_v2_task_056|r2,phase1_v2_task_056,instance_internetarchive__openlibrary-25858f9f0c165df25742acf8309ce909773f0cdd-v13642507b4fc1f8d234172bf8129942da2c2ca26,internetarchive/openlibrary,1,1,0,1,1,0,1,1,0,1227,6602,5375,1,0.8
phase1_v2_task_057|r1,phase1_v2_task_057,instance_internetarchive__openlibrary-9c392b60e2c6fa1d68cb68084b4b4ff04d0cb35c-v2d9a6c849c60ed19fd0858ce9e40b7cc8e097e59,internetarchive/openlibrary,0,0,0,0,0,0,0,0,0,1169,6331,5162,1,0.0
phase1_v2_task_057|r2,phase1_v2_task_057,instance_internetarchive__openlibrary-9c392b60e2c6fa1d68cb68084b4b4ff04d0cb35c-v2d9a6c849c60ed19fd0858ce9e40b7cc8e097e59,internetarchive/openlibrary,0,0,0,0,0,0,0,0,0,1159,6203,5044,1,0.0
phase1_v2_task_058|r1,phase1_v2_task_058,instance_internetarchive__openlibrary-e8084193a895d8ee81200f49093389a3887479ce-ve8c8d62a2b60610a3c4631f5f23ed866bada9818,internetarchive/openlibrary,1,0,-1,1,1,0,1,1,0,1588,5690,4102,1,0.2
phase1_v2_task_058|r2,phase1_v2_task_058,instance_internetarchive__openlibrary-e8084193a895d8ee81200f49093389a3887479ce-ve8c8d62a2b60610a3c4631f5f23ed866bada9818,internetarchive/openlibrary,0,0,0,0,1,1,0,1,1,1633,5584,3951,1,0.0
phase1_v2_task_058|r3,phase1_v2_task_058,instance_internetarchive__openlibrary-e8084193a895d8ee81200f49093389a3887479ce-ve8c8d62a2b60610a3c4631f5f23ed866bada9818,internetarchive/openlibrary,0,0,0,0,1,1,0,1,1,1039,5478,4439,1,0.0
phase1_v2_task_059|r1,phase1_v2_task_059,instance_internetarchive__openlibrary-e010b2a13697de70170033902ba2e27a1e1acbe9-v0f5aece3601a5b4419f7ccec1dbda2071be28ee4,internetarchive/openlibrary,0,1,1,0,1,1,0,1,1,1629,5440,3811,1,0.0
phase1_v2_task_059|r2,phase1_v2_task_059,instance_internetarchive__openlibrary-e010b2a13697de70170033902ba2e27a1e1acbe9-v0f5aece3601a5b4419f7ccec1dbda2071be28ee4,internetarchive/openlibrary,0,1,1,0,1,1,0,1,1,2249,5705,3456,1,0.0
phase1_v2_task_060|r1,phase1_v2_task_060,instance_internetarchive__openlibrary-2fe532a33635aab7a9bfea5d977f6a72b280a30c-v0f5aece3601a5b4419f7ccec1dbda2071be28ee4,internetarchive/openlibrary,0,1,1,0,1,1,0,1,1,1604,6193,4589,1,0.0
phase1_v2_task_060|r2,phase1_v2_task_060,instance_internetarchive__openlibrary-2fe532a33635aab7a9bfea5d977f6a72b280a30c-v0f5aece3601a5b4419f7ccec1dbda2071be28ee4,internetarchive/openlibrary,0,1,1,0,1,1,0,1,1,1215,6577,5362,1,0.0
phase1_v2_task_061|r1,phase1_v2_task_061,instance_internetarchive__openlibrary-f3b26c2c0721f8713353fe4b341230332e30008d-v0f5aece3601a5b4419f7ccec1dbda2071be28ee4,internetarchive/openlibrary,0,1,1,0,1,1,0,1,1,1699,5543,3844,1,0.0
phase1_v2_task_061|r2,phase1_v2_task_061,instance_internetarchive__openlibrary-f3b26c2c0721f8713353fe4b341230332e30008d-v0f5aece3601a5b4419f7ccec1dbda2071be28ee4,internetarchive/openlibrary,0,1,1,0,1,1,0,1,1,1773,5638,3865,1,0.0
phase1_v2_task_062|r1,phase1_v2_task_062,instance_internetarchive__openlibrary-08ac40d050a64e1d2646ece4959af0c42bf6b7b5-v0f5aece3601a5b4419f7ccec1dbda2071be28ee4,internetarchive/openlibrary,0,1,1,0,1,1,0,1,1,1309,5454,4145,1,0.0
phase1_v2_task_062|r2,phase1_v2_task_062,instance_internetarchive__openlibrary-08ac40d050a64e1d2646ece4959af0c42bf6b7b5-v0f5aece3601a5b4419f7ccec1dbda2071be28ee4,internetarchive/openlibrary,0,1,1,0,1,1,0,1,1,1274,5570,4296,1,0.0
phase1_v2_task_063|r1,phase1_v2_task_063,instance_internetarchive__openlibrary-7c8dc180281491ccaa1b4b43518506323750d1e4-v298a7a812ceed28c4c18355a091f1b268fe56d86,internetarchive/openlibrary,1,1,0,1,1,0,1,1,0,1070,6723,5653,0,0.666667
phase1_v2_task_063|r2,phase1_v2_task_063,instance_internetarchive__openlibrary-7c8dc180281491ccaa1b4b43518506323750d1e4-v298a7a812ceed28c4c18355a091f1b268fe56d86,internetarchive/openlibrary,1,1,0,1,1,0,1,1,0,1027,6655,5628,0,0.333333
phase1_v2_task_063|r3,phase1_v2_task_063,instance_internetarchive__openlibrary-7c8dc180281491ccaa1b4b43518506323750d1e4-v298a7a812ceed28c4c18355a091f1b268fe56d86,internetarchive/openlibrary,1,1,0,1,1,0,1,1,0,1522,6646,5124,0,0.5
phase1_v2_task_064|r1,phase1_v2_task_064,instance_internetarchive__openlibrary-9cd47f4dc21e273320d9e30d889c864f8cb20ccf-v0f5aece3601a5b4419f7ccec1dbda2071be28ee4,internetarchive/openlibrary,0,0,0,0,0,0,0,0,0,1837,6589,4752,1,0.0
phase1_v2_task_064|r2,phase1_v2_task_064,instance_internetarchive__openlibrary-9cd47f4dc21e273320d9e30d889c864f8cb20ccf-v0f5aece3601a5b4419f7ccec1dbda2071be28ee4,internetarchive/openlibrary,0,0,0,0,0,0,0,0,0,1847,6523,4676,1,0.0
phase1_v2_task_065|r1,phase1_v2_task_065,instance_internetarchive__openlibrary-8a9d9d323dfcf2a5b4f38d70b1108b030b20ebf3-v13642507b4fc1f8d234172bf8129942da2c2ca26,internetarchive/openlibrary,0,1,1,0,1,1,0,1,1,1742,5125,3383,1,0.2
phase1_v2_task_065|r2,phase1_v2_task_065,instance_internetarchive__openlibrary-8a9d9d323dfcf2a5b4f38d70b1108b030b20ebf3-v13642507b4fc1f8d234172bf8129942da2c2ca26,internetarchive/openlibrary,0,1,1,0,1,1,0,1,1,1775,5280,3505,1,0.166667
phase1_v2_task_065|r3,phase1_v2_task_065,instance_internetarchive__openlibrary-8a9d9d323dfcf2a5b4f38d70b1108b030b20ebf3-v13642507b4fc1f8d234172bf8129942da2c2ca26,internetarchive/openlibrary,0,1,1,0,1,1,0,1,1,1747,5132,3385,1,0.142857
phase1_v2_task_066|r1,phase1_v2_task_066,instance_internetarchive__openlibrary-5c6c22f3d2edf2f1b10f5dc335e32cb6a5f40341-v76304ecdb3a5954fcf13feb710e8c40fcf24b73c,internetarchive/openlibrary,0,0,0,0,0,0,0,0,0,1842,5874,4032,1,0.0
phase1_v2_task_066|r2,phase1_v2_task_066,instance_internetarchive__openlibrary-5c6c22f3d2edf2f1b10f5dc335e32cb6a5f40341-v76304ecdb3a5954fcf13feb710e8c40fcf24b73c,internetarchive/openlibrary,0,0,0,0,1,1,0,1,1,1743,5978,4235,1,0.0
phase1_v2_task_067|r1,phase1_v2_task_067,instance_internetarchive__openlibrary-7edd1ef09d91fe0b435707633c5cc9af41dedddf-v76304ecdb3a5954fcf13feb710e8c40fcf24b73c,internetarchive/openlibrary,0,1,1,0,1,1,0,1,1,1521,5376,3855,1,0.111111
phase1_v2_task_067|r2,phase1_v2_task_067,instance_internetarchive__openlibrary-7edd1ef09d91fe0b435707633c5cc9af41dedddf-v76304ecdb3a5954fcf13feb710e8c40fcf24b73c,internetarchive/openlibrary,0,1,1,0,1,1,0,1,1,2584,5556,2972,1,0.0
phase1_v2_task_067|r3,phase1_v2_task_067,instance_internetarchive__openlibrary-7edd1ef09d91fe0b435707633c5cc9af41dedddf-v76304ecdb3a5954fcf13feb710e8c40fcf24b73c,internetarchive/openlibrary,0,1,1,0,1,1,0,1,1,1737,5439,3702,1,0.111111
phase1_v2_task_068|r1,phase1_v2_task_068,instance_internetarchive__openlibrary-e1e502986a3b003899a8347ac8a7ff7b08cbfc39-v08d8e8889ec945ab821fb156c04c7d2e2810debb,internetarchive/openlibrary,0,0,0,0,0,0,0,0,0,2035,5719,3684,1,0.0
phase1_v2_task_068|r2,phase1_v2_task_068,instance_internetarchive__openlibrary-e1e502986a3b003899a8347ac8a7ff7b08cbfc39-v08d8e8889ec945ab821fb156c04c7d2e2810debb,internetarchive/openlibrary,0,0,0,0,0,0,0,0,0,2025,5626,3601,1,0.0
phase1_v2_task_068|r3,phase1_v2_task_068,instance_internetarchive__openlibrary-e1e502986a3b003899a8347ac8a7ff7b08cbfc39-v08d8e8889ec945ab821fb156c04c7d2e2810debb,internetarchive/openlibrary,0,0,0,1,0,-1,1,0,-1,1436,5567,4131,1,0.0
phase1_v2_task_069|r1,phase1_v2_task_069,instance_internetarchive__openlibrary-3f580a5f244c299d936d73d9e327ba873b6401d9-v0f5aece3601a5b4419f7ccec1dbda2071be28ee4,internetarchive/openlibrary,0,0,0,0,0,0,0,0,0,2320,6569,4249,1,0.0
phase1_v2_task_069|r2,phase1_v2_task_069,instance_internetarchive__openlibrary-3f580a5f244c299d936d73d9e327ba873b6401d9-v0f5aece3601a5b4419f7ccec1dbda2071be28ee4,internetarchive/openlibrary,0,0,0,0,0,0,0,0,0,1829,6289,4460,1,0.0
phase1_v2_task_069|r3,phase1_v2_task_069,instance_internetarchive__openlibrary-3f580a5f244c299d936d73d9e327ba873b6401d9-v0f5aece3601a5b4419f7ccec1dbda2071be28ee4,internetarchive/openlibrary,1,0,-1,1,0,-1,1,0,-1,1703,6232,4529,1,0.0
phase1_v2_task_070|r1,phase1_v2_task_070,instance_internetarchive__openlibrary-ba3abfb6af6e722185d3715929ab0f3e5a134eed-v76304ecdb3a5954fcf13feb710e8c40fcf24b73c,internetarchive/openlibrary,1,1,0,1,1,0,1,1,0,1794,6800,5006,0,0.125
phase1_v2_task_070|r2,phase1_v2_task_070,instance_internetarchive__openlibrary-ba3abfb6af6e722185d3715929ab0f3e5a134eed-v76304ecdb3a5954fcf13feb710e8c40fcf24b73c,internetarchive/openlibrary,1,1,0,1,1,0,1,1,0,1222,6787,5565,0,0.166667
phase1_v2_task_071|r1,phase1_v2_task_071,instance_internetarchive__openlibrary-f0341c0ba81c790241b782f5103ce5c9a6edf8e3-ve8fc82d8aae8463b752a211156c5b7b59f349237,internetarchive/openlibrary,0,1,1,0,1,1,0,1,1,1163,6817,5654,1,0.0
phase1_v2_task_071|r2,phase1_v2_task_071,instance_internetarchive__openlibrary-f0341c0ba81c790241b782f5103ce5c9a6edf8e3-ve8fc82d8aae8463b752a211156c5b7b59f349237,internetarchive/openlibrary,0,1,1,0,1,1,0,1,1,1229,6743,5514,1,0.0
phase1_v2_task_072|r1,phase1_v2_task_072,instance_internetarchive__openlibrary-72321288ea790a3ace9e36f1c05b68c93f7eec43-v0f5aece3601a5b4419f7ccec1dbda2071be28ee4,internetarchive/openlibrary,1,1,0,1,1,0,1,1,0,730,5247,4517,0,0.5
phase1_v2_task_072|r2,phase1_v2_task_072,instance_internetarchive__openlibrary-72321288ea790a3ace9e36f1c05b68c93f7eec43-v0f5aece3601a5b4419f7ccec1dbda2071be28ee4,internetarchive/openlibrary,1,1,0,1,1,0,1,1,0,885,5260,4375,0,0.5
phase1_v2_task_073|r1,phase1_v2_task_073,instance_internetarchive__openlibrary-53e02a22972e9253aeded0e1981e6845e1e521fe-vfa6ff903cb27f336e17654595dd900fa943dcd91,internetarchive/openlibrary,0,0,0,0,0,0,0,0,0,1711,5220,3509,1,0.0
phase1_v2_task_073|r2,phase1_v2_task_073,instance_internetarchive__openlibrary-53e02a22972e9253aeded0e1981e6845e1e521fe-vfa6ff903cb27f336e17654595dd900fa943dcd91,internetarchive/openlibrary,0,0,0,0,0,0,0,0,0,1660,5241,3581,1,0.0
phase1_v2_task_073|r3,phase1_v2_task_073,instance_internetarchive__openlibrary-53e02a22972e9253aeded0e1981e6845e1e521fe-vfa6ff903cb27f336e17654595dd900fa943dcd91,internetarchive/openlibrary,0,0,0,0,0,0,0,0,0,1698,5300,3602,1,0.0
phase1_v2_task_074|r1,phase1_v2_task_074,instance_internetarchive__openlibrary-2abe28b472ffed563a87cfe83685b161b35263b0-v13642507b4fc1f8d234172bf8129942da2c2ca26,internetarchive/openlibrary,0,0,0,0,1,1,0,1,1,1714,5669,3955,1,0.0
phase1_v2_task_074|r2,phase1_v2_task_074,instance_internetarchive__openlibrary-2abe28b472ffed563a87cfe83685b161b35263b0-v13642507b4fc1f8d234172bf8129942da2c2ca26,internetarchive/openlibrary,0,0,0,0,0,0,0,0,0,1165,5437,4272,1,0.0
phase1_v2_task_075|r1,phase1_v2_task_075,instance_internetarchive__openlibrary-dbbd9d539c6d4fd45d5be9662aa19b6d664b5137-v08d8e8889ec945ab821fb156c04c7d2e2810debb,internetarchive/openlibrary,0,1,1,0,1,1,0,1,1,1207,5692,4485,1,0.0
phase1_v2_task_075|r2,phase1_v2_task_075,instance_internetarchive__openlibrary-dbbd9d539c6d4fd45d5be9662aa19b6d664b5137-v08d8e8889ec945ab821fb156c04c7d2e2810debb,internetarchive/openlibrary,1,1,0,1,1,0,1,1,0,1222,5357,4135,0,0.333333
phase1_v2_task_076|r1,phase1_v2_task_076,instance_internetarchive__openlibrary-62d2243131a9c7e6aee00d1e9c5660fd5b594e89-v0f5aece3601a5b4419f7ccec1dbda2071be28ee4,internetarchive/openlibrary,0,1,1,0,1,1,0,1,1,1351,5523,4172,1,0.0
phase1_v2_task_076|r2,phase1_v2_task_076,instance_internetarchive__openlibrary-62d2243131a9c7e6aee00d1e9c5660fd5b594e89-v0f5aece3601a5b4419f7ccec1dbda2071be28ee4,internetarchive/openlibrary,0,1,1,0,1,1,0,1,1,2209,5460,3251,1,0.0
phase1_v2_task_077|r1,phase1_v2_task_077,instance_internetarchive__openlibrary-4b7ea2977be2747496ba792a678940baa985f7ea-v0f5aece3601a5b4419f7ccec1dbda2071be28ee4,internetarchive/openlibrary,0,0,0,0,1,1,0,1,1,1322,5953,4631,1,0.125
phase1_v2_task_077|r2,phase1_v2_task_077,instance_internetarchive__openlibrary-4b7ea2977be2747496ba792a678940baa985f7ea-v0f5aece3601a5b4419f7ccec1dbda2071be28ee4,internetarchive/openlibrary,0,0,0,0,1,1,0,1,1,1720,5681,3961,1,0.142857
phase1_v2_task_078|r1,phase1_v2_task_078,instance_internetarchive__openlibrary-30bc73a1395fba2300087c7f307e54bb5372b60a-v76304ecdb3a5954fcf13feb710e8c40fcf24b73c,internetarchive/openlibrary,0,1,1,0,1,1,0,1,1,2138,6059,3921,1,0.0
phase1_v2_task_078|r2,phase1_v2_task_078,instance_internetarchive__openlibrary-30bc73a1395fba2300087c7f307e54bb5372b60a-v76304ecdb3a5954fcf13feb710e8c40fcf24b73c,internetarchive/openlibrary,0,1,1,0,1,1,0,1,1,1928,6269,4341,1,0.0
phase1_v2_task_079|r1,phase1_v2_task_079,instance_internetarchive__openlibrary-6afdb09df692223c3a31df65cfa92f15e5614c01-v08d8e8889ec945ab821fb156c04c7d2e2810debb,internetarchive/openlibrary,0,0,0,0,0,0,0,0,0,1593,6727,5134,1,0.0
phase1_v2_task_079|r2,phase1_v2_task_079,instance_internetarchive__openlibrary-6afdb09df692223c3a31df65cfa92f15e5614c01-v08d8e8889ec945ab821fb156c04c7d2e2810debb,internetarchive/openlibrary,0,0,0,0,0,0,0,0,0,1796,6458,4662,1,0.0
phase1_v2_task_080|r1,phase1_v2_task_080,instance_internetarchive__openlibrary-7f7e53aa4cf74a4f8549a5bcd4810c527e2f6d7e-v13642507b4fc1f8d234172bf8129942da2c2ca26,internetarchive/openlibrary,0,0,0,0,0,0,0,0,0,2461,6833,4372,1,0.0
phase1_v2_task_080|r2,phase1_v2_task_080,instance_internetarchive__openlibrary-7f7e53aa4cf74a4f8549a5bcd4810c527e2f6d7e-v13642507b4fc1f8d234172bf8129942da2c2ca26,internetarchive/openlibrary,0,0,0,0,0,0,0,0,0,3358,6680,3322,1,0.0
phase1_v2_task_081|r1,phase1_v2_task_081,instance_qutebrowser__qutebrowser-0fc6d1109d041c69a68a896db87cf1b8c194cef7-v2ef375ac784985212b1805e1d0431dc8f1b3c171,qutebrowser/qutebrowser,0,1,1,0,1,1,0,1,1,1880,5946,4066,1,0.111111
phase1_v2_task_081|r2,phase1_v2_task_081,instance_qutebrowser__qutebrowser-0fc6d1109d041c69a68a896db87cf1b8c194cef7-v2ef375ac784985212b1805e1d0431dc8f1b3c171,qutebrowser/qutebrowser,0,1,1,0,1,1,0,1,1,2223,6168,3945,1,0.111111
phase1_v2_task_081|r3,phase1_v2_task_081,instance_qutebrowser__qutebrowser-0fc6d1109d041c69a68a896db87cf1b8c194cef7-v2ef375ac784985212b1805e1d0431dc8f1b3c171,qutebrowser/qutebrowser,0,1,1,1,1,0,1,1,0,2265,5831,3566,1,0.125
phase1_v2_task_082|r1,phase1_v2_task_082,instance_qutebrowser__qutebrowser-f631cd4422744160d9dcf7a0455da532ce973315-v35616345bb8052ea303186706cec663146f0f184,qutebrowser/qutebrowser,1,1,0,1,1,0,1,1,0,2399,6241,3842,1,0.142857
phase1_v2_task_082|r2,phase1_v2_task_082,instance_qutebrowser__qutebrowser-f631cd4422744160d9dcf7a0455da532ce973315-v35616345bb8052ea303186706cec663146f0f184,qutebrowser/qutebrowser,1,1,0,1,1,0,1,1,0,2312,6496,4184,1,0.142857
phase1_v2_task_082|r3,phase1_v2_task_082,instance_qutebrowser__qutebrowser-f631cd4422744160d9dcf7a0455da532ce973315-v35616345bb8052ea303186706cec663146f0f184,qutebrowser/qutebrowser,1,1,0,1,1,0,1,1,0,2333,6149,3816,0,0.166667
phase1_v2_task_083|r1,phase1_v2_task_083,instance_qutebrowser__qutebrowser-01d1d1494411380d97cac14614a829d3a69cecaf-v2ef375ac784985212b1805e1d0431dc8f1b3c171,qutebrowser/qutebrowser,0,1,1,0,1,1,0,1,1,2939,6061,3122,1,0.0
phase1_v2_task_083|r2,phase1_v2_task_083,instance_qutebrowser__qutebrowser-01d1d1494411380d97cac14614a829d3a69cecaf-v2ef375ac784985212b1805e1d0431dc8f1b3c171,qutebrowser/qutebrowser,0,1,1,0,1,1,0,1,1,2764,5893,3129,1,0.0
phase1_v2_task_084|r1,phase1_v2_task_084,instance_qutebrowser__qutebrowser-7f9713b20f623fc40473b7167a082d6db0f0fd40-va0fd88aac89cde702ec1ba84877234da33adce8a,qutebrowser/qutebrowser,0,1,1,0,1,1,0,1,1,1404,5904,4500,1,0.0
phase1_v2_task_084|r2,phase1_v2_task_084,instance_qutebrowser__qutebrowser-7f9713b20f623fc40473b7167a082d6db0f0fd40-va0fd88aac89cde702ec1ba84877234da33adce8a,qutebrowser/qutebrowser,0,1,1,0,1,1,0,1,1,2152,6095,3943,1,0.0
phase1_v2_task_084|r3,phase1_v2_task_084,instance_qutebrowser__qutebrowser-7f9713b20f623fc40473b7167a082d6db0f0fd40-va0fd88aac89cde702ec1ba84877234da33adce8a,qutebrowser/qutebrowser,0,1,1,0,1,1,0,1,1,2134,6466,4332,1,0.0
phase1_v2_task_085|r1,phase1_v2_task_085,instance_qutebrowser__qutebrowser-0833b5f6f140d04200ec91605f88704dd18e2970-v059c6fdc75567943479b23ebca7c07b5e9a7f34c,qutebrowser/qutebrowser,0,1,1,0,1,1,0,1,1,1148,5433,4285,1,0.0
phase1_v2_task_085|r2,phase1_v2_task_085,instance_qutebrowser__qutebrowser-0833b5f6f140d04200ec91605f88704dd18e2970-v059c6fdc75567943479b23ebca7c07b5e9a7f34c,qutebrowser/qutebrowser,0,1,1,0,1,1,0,1,1,1330,5547,4217,1,0.0
phase1_v2_task_086|r1,phase1_v2_task_086,instance_qutebrowser__qutebrowser-305e7c96d5e2fdb3b248b27dfb21042fb2b7e0b8-v2ef375ac784985212b1805e1d0431dc8f1b3c171,qutebrowser/qutebrowser,0,0,0,1,1,0,1,1,0,1992,6447,4455,1,0.285714
phase1_v2_task_086|r2,phase1_v2_task_086,instance_qutebrowser__qutebrowser-305e7c96d5e2fdb3b248b27dfb21042fb2b7e0b8-v2ef375ac784985212b1805e1d0431dc8f1b3c171,qutebrowser/qutebrowser,1,1,0,1,1,0,1,1,0,2370,6088,3718,0,0.333333
phase1_v2_task_087|r1,phase1_v2_task_087,instance_qutebrowser__qutebrowser-fec187c2cb53d769c2682b35ca77858a811414a8-v363c8a7e5ccdf6968fc7ab84a2053ac78036691d,qutebrowser/qutebrowser,1,1,0,1,1,0,1,1,0,1120,6738,5618,0,0.25
phase1_v2_task_087|r2,phase1_v2_task_087,instance_qutebrowser__qutebrowser-fec187c2cb53d769c2682b35ca77858a811414a8-v363c8a7e5ccdf6968fc7ab84a2053ac78036691d,qutebrowser/qutebrowser,0,0,0,0,1,1,0,1,1,1055,6689,5634,1,0.0
phase1_v2_task_088|r1,phase1_v2_task_088,instance_qutebrowser__qutebrowser-5cef49ff3074f9eab1da6937a141a39a20828502-v02ad04386d5238fe2d1a1be450df257370de4b6a,qutebrowser/qutebrowser,1,1,0,1,1,0,1,1,0,1525,6019,4494,0,0.5
phase1_v2_task_088|r2,phase1_v2_task_088,instance_qutebrowser__qutebrowser-5cef49ff3074f9eab1da6937a141a39a20828502-v02ad04386d5238fe2d1a1be450df257370de4b6a,qutebrowser/qutebrowser,1,1,0,1,1,0,1,1,0,1349,5956,4607,0,1.0
phase1_v2_task_089|r1,phase1_v2_task_089,instance_qutebrowser__qutebrowser-8cd06741bb56cdca49f5cdc0542da97681154315-v5149fcda2a9a6fe1d35dfed1bade1444a11ef271,qutebrowser/qutebrowser,0,0,0,0,0,0,0,1,1,2895,7552,4657,1,0.25
phase1_v2_task_089|r2,phase1_v2_task_089,instance_qutebrowser__qutebrowser-8cd06741bb56cdca49f5cdc0542da97681154315-v5149fcda2a9a6fe1d35dfed1bade1444a11ef271,qutebrowser/qutebrowser,1,0,-1,1,0,-1,1,1,0,3472,8070,4598,1,0.111111
phase1_v2_task_090|r1,phase1_v2_task_090,instance_qutebrowser__qutebrowser-cc360cd4a34a126274c7b51f3b63afbaf3e05a02-v5fc38aaf22415ab0b70567368332beee7955b367,qutebrowser/qutebrowser,1,1,0,1,1,0,1,1,0,985,6457,5472,0,0.333333
phase1_v2_task_090|r2,phase1_v2_task_090,instance_qutebrowser__qutebrowser-cc360cd4a34a126274c7b51f3b63afbaf3e05a02-v5fc38aaf22415ab0b70567368332beee7955b367,qutebrowser/qutebrowser,1,1,0,1,1,0,1,1,0,1311,6412,5101,0,1.0
phase1_v2_task_091|r1,phase1_v2_task_091,instance_qutebrowser__qutebrowser-6b320dc18662580e1313d2548fdd6231d2a97e6d-v363c8a7e5ccdf6968fc7ab84a2053ac78036691d,qutebrowser/qutebrowser,1,1,0,1,1,0,1,1,0,1135,5805,4670,0,0.333333
phase1_v2_task_091|r2,phase1_v2_task_091,instance_qutebrowser__qutebrowser-6b320dc18662580e1313d2548fdd6231d2a97e6d-v363c8a7e5ccdf6968fc7ab84a2053ac78036691d,qutebrowser/qutebrowser,1,1,0,1,1,0,1,1,0,940,5784,4844,0,1.0
phase1_v2_task_091|r3,phase1_v2_task_091,instance_qutebrowser__qutebrowser-6b320dc18662580e1313d2548fdd6231d2a97e6d-v363c8a7e5ccdf6968fc7ab84a2053ac78036691d,qutebrowser/qutebrowser,1,1,0,1,1,0,1,1,0,1276,5811,4535,0,1.0
phase1_v2_task_092|r1,phase1_v2_task_092,instance_qutebrowser__qutebrowser-233cb1cc48635130e5602549856a6fa4ab4c087f-v35616345bb8052ea303186706cec663146f0f184,qutebrowser/qutebrowser,0,1,1,0,1,1,0,1,1,3094,6836,3742,1,0.111111
phase1_v2_task_092|r2,phase1_v2_task_092,instance_qutebrowser__qutebrowser-233cb1cc48635130e5602549856a6fa4ab4c087f-v35616345bb8052ea303186706cec663146f0f184,qutebrowser/qutebrowser,1,0,-1,1,0,-1,1,0,-1,2893,5974,3081,1,0.111111
phase1_v2_task_093|r1,phase1_v2_task_093,instance_qutebrowser__qutebrowser-70248f256f93ed9b1984494d0a1a919ddd774892-v2ef375ac784985212b1805e1d0431dc8f1b3c171,qutebrowser/qutebrowser,0,0,0,1,0,-1,1,0,-1,2043,6772,4729,1,0.0
phase1_v2_task_093|r2,phase1_v2_task_093,instance_qutebrowser__qutebrowser-70248f256f93ed9b1984494d0a1a919ddd774892-v2ef375ac784985212b1805e1d0431dc8f1b3c171,qutebrowser/qutebrowser,0,0,0,1,0,-1,1,0,-1,2442,6199,3757,1,0.0
phase1_v2_task_093|r3,phase1_v2_task_093,instance_qutebrowser__qutebrowser-70248f256f93ed9b1984494d0a1a919ddd774892-v2ef375ac784985212b1805e1d0431dc8f1b3c171,qutebrowser/qutebrowser,0,0,0,0,0,0,0,0,0,2895,6162,3267,1,0.0
phase1_v2_task_094|r1,phase1_v2_task_094,instance_qutebrowser__qutebrowser-0b621cb0ce2b54d3f93d8d41d8ff4257888a87e5-v2ef375ac784985212b1805e1d0431dc8f1b3c171,qutebrowser/qutebrowser,0,1,1,0,1,1,0,1,1,1206,6497,5291,1,0.0
phase1_v2_task_094|r2,phase1_v2_task_094,instance_qutebrowser__qutebrowser-0b621cb0ce2b54d3f93d8d41d8ff4257888a87e5-v2ef375ac784985212b1805e1d0431dc8f1b3c171,qutebrowser/qutebrowser,0,1,1,0,1,1,0,1,1,1736,6490,4754,1,0.0
phase1_v2_task_095|r1,phase1_v2_task_095,instance_qutebrowser__qutebrowser-ff1c025ad3210506fc76e1f604d8c8c27637d88e-v363c8a7e5ccdf6968fc7ab84a2053ac78036691d,qutebrowser/qutebrowser,1,0,-1,1,0,-1,1,0,-1,2605,5738,3133,1,0.125
phase1_v2_task_095|r2,phase1_v2_task_095,instance_qutebrowser__qutebrowser-ff1c025ad3210506fc76e1f604d8c8c27637d88e-v363c8a7e5ccdf6968fc7ab84a2053ac78036691d,qutebrowser/qutebrowser,0,0,0,0,0,0,0,0,0,2292,5720,3428,1,0.125
phase1_v2_task_095|r3,phase1_v2_task_095,instance_qutebrowser__qutebrowser-ff1c025ad3210506fc76e1f604d8c8c27637d88e-v363c8a7e5ccdf6968fc7ab84a2053ac78036691d,qutebrowser/qutebrowser,0,0,0,1,0,-1,1,0,-1,2317,5899,3582,1,0.428571
phase1_v2_task_096|r1,phase1_v2_task_096,instance_qutebrowser__qutebrowser-c09e1439f145c66ee3af574386e277dd2388d094-v2ef375ac784985212b1805e1d0431dc8f1b3c171,qutebrowser/qutebrowser,1,1,0,1,1,0,1,1,0,1497,5517,4020,0,1.0
phase1_v2_task_096|r2,phase1_v2_task_096,instance_qutebrowser__qutebrowser-c09e1439f145c66ee3af574386e277dd2388d094-v2ef375ac784985212b1805e1d0431dc8f1b3c171,qutebrowser/qutebrowser,1,1,0,1,1,0,1,1,0,1507,5618,4111,0,0.5
phase1_v2_task_097|r1,phase1_v2_task_097,instance_qutebrowser__qutebrowser-99029144b5109bb1b2a53964a7c129e009980cd9-va0fd88aac89cde702ec1ba84877234da33adce8a,qutebrowser/qutebrowser,0,1,1,1,1,0,1,1,0,1973,6727,4754,1,0.111111
phase1_v2_task_097|r2,phase1_v2_task_097,instance_qutebrowser__qutebrowser-99029144b5109bb1b2a53964a7c129e009980cd9-va0fd88aac89cde702ec1ba84877234da33adce8a,qutebrowser/qutebrowser,0,1,1,1,1,0,1,1,0,1783,7005,5222,1,0.111111
phase1_v2_task_097|r3,phase1_v2_task_097,instance_qutebrowser__qutebrowser-99029144b5109bb1b2a53964a7c129e009980cd9-va0fd88aac89cde702ec1ba84877234da33adce8a,qutebrowser/qutebrowser,0,1,1,0,1,1,0,1,1,3008,7096,4088,1,0.0
phase1_v2_task_098|r1,phase1_v2_task_098,instance_qutebrowser__qutebrowser-bf045f7ec7c27709ea3ef61cf41a24e8fdd2e7da-v059c6fdc75567943479b23ebca7c07b5e9a7f34c,qutebrowser/qutebrowser,1,0,-1,1,0,-1,1,0,-1,2295,5374,3079,1,0.0
phase1_v2_task_098|r2,phase1_v2_task_098,instance_qutebrowser__qutebrowser-bf045f7ec7c27709ea3ef61cf41a24e8fdd2e7da-v059c6fdc75567943479b23ebca7c07b5e9a7f34c,qutebrowser/qutebrowser,1,0,-1,1,0,-1,1,0,-1,2151,5444,3293,1,0.0
phase1_v2_task_099|r1,phase1_v2_task_099,instance_qutebrowser__qutebrowser-de4a1c1a2839b5b49c3d4ce21d39de48d24e2091-v2ef375ac784985212b1805e1d0431dc8f1b3c171,qutebrowser/qutebrowser,0,1,1,1,1,0,1,1,0,1773,6786,5013,1,0.142857
phase1_v2_task_099|r2,phase1_v2_task_099,instance_qutebrowser__qutebrowser-de4a1c1a2839b5b49c3d4ce21d39de48d24e2091-v2ef375ac784985212b1805e1d0431dc8f1b3c171,qutebrowser/qutebrowser,1,1,0,1,1,0,1,1,0,2251,5832,3581,1,0.4
phase1_v2_task_100|r1,phase1_v2_task_100,instance_qutebrowser__qutebrowser-e64622cd2df5b521342cf4a62e0d4cb8f8c9ae5a-v363c8a7e5ccdf6968fc7ab84a2053ac78036691d,qutebrowser/qutebrowser,0,0,0,0,0,0,0,0,0,1134,6599,5465,1,0.0
phase1_v2_task_100|r2,phase1_v2_task_100,instance_qutebrowser__qutebrowser-e64622cd2df5b521342cf4a62e0d4cb8f8c9ae5a-v363c8a7e5ccdf6968fc7ab84a2053ac78036691d,qutebrowser/qutebrowser,0,0,0,0,0,0,0,0,0,1133,6586,5453,1,0.0
phase1_v2_task_100|r3,phase1_v2_task_100,instance_qutebrowser__qutebrowser-e64622cd2df5b521342cf4a62e0d4cb8f8c9ae5a-v363c8a7e5ccdf6968fc7ab84a2053ac78036691d,qutebrowser/qutebrowser,0,0,0,0,0,0,0,0,0,1698,6560,4862,1,0.0
phase1_v2_task_101|r1,phase1_v2_task_101,instance_qutebrowser__qutebrowser-fea33d607fde83cf505b228238cf365936437a63-v9f8e9d96c85c85a605e382f1510bd08563afc566,qutebrowser/qutebrowser,0,0,0,1,1,0,1,1,0,1737,6878,5141,1,0.25
phase1_v2_task_101|r2,phase1_v2_task_101,instance_qutebrowser__qutebrowser-fea33d607fde83cf505b228238cf365936437a63-v9f8e9d96c85c85a605e382f1510bd08563afc566,qutebrowser/qutebrowser,0,0,0,1,1,0,1,1,0,2084,6671,4587,1,0.166667
phase1_v2_task_101|r3,phase1_v2_task_101,instance_qutebrowser__qutebrowser-fea33d607fde83cf505b228238cf365936437a63-v9f8e9d96c85c85a605e382f1510bd08563afc566,qutebrowser/qutebrowser,1,0,-1,1,0,-1,1,0,-1,2303,6038,3735,1,0.0
phase1_v2_task_102|r1,phase1_v2_task_102,instance_qutebrowser__qutebrowser-f8e7fea0becae25ae20606f1422068137189fe9e,qutebrowser/qutebrowser,1,0,-1,1,0,-1,1,0,-1,2631,5119,2488,1,0.0
phase1_v2_task_102|r2,phase1_v2_task_102,instance_qutebrowser__qutebrowser-f8e7fea0becae25ae20606f1422068137189fe9e,qutebrowser/qutebrowser,1,0,-1,1,0,-1,1,0,-1,2473,5233,2760,1,0.0
phase1_v2_task_103|r1,phase1_v2_task_103,instance_qutebrowser__qutebrowser-c0be28ebee3e1837aaf3f30ec534ccd6d038f129-v9f8e9d96c85c85a605e382f1510bd08563afc566,qutebrowser/qutebrowser,0,0,0,0,0,0,0,0,0,1353,6954,5601,0,1.0
phase1_v2_task_103|r2,phase1_v2_task_103,instance_qutebrowser__qutebrowser-c0be28ebee3e1837aaf3f30ec534ccd6d038f129-v9f8e9d96c85c85a605e382f1510bd08563afc566,qutebrowser/qutebrowser,0,0,0,0,0,0,0,0,0,1727,6266,4539,0,1.0
phase1_v2_task_104|r1,phase1_v2_task_104,instance_qutebrowser__qutebrowser-0d2afd58f3d0e34af21cee7d8a3fc9d855594e9f-vnan,qutebrowser/qutebrowser,0,1,1,0,1,1,1,1,0,2939,6506,3567,1,0.0
phase1_v2_task_104|r2,phase1_v2_task_104,instance_qutebrowser__qutebrowser-0d2afd58f3d0e34af21cee7d8a3fc9d855594e9f-vnan,qutebrowser/qutebrowser,1,1,0,1,1,0,1,1,0,2086,6363,4277,1,0.0
phase1_v2_task_104|r3,phase1_v2_task_104,instance_qutebrowser__qutebrowser-0d2afd58f3d0e34af21cee7d8a3fc9d855594e9f-vnan,qutebrowser/qutebrowser,1,1,0,1,1,0,1,1,0,2706,6788,4082,1,0.0
phase1_v2_task_105|r1,phase1_v2_task_105,instance_qutebrowser__qutebrowser-e70f5b03187bdd40e8bf70f5f3ead840f52d1f42-v02ad04386d5238fe2d1a1be450df257370de4b6a,qutebrowser/qutebrowser,0,0,0,0,0,0,0,0,0,2199,4914,2715,1,0.0
phase1_v2_task_105|r2,phase1_v2_task_105,instance_qutebrowser__qutebrowser-e70f5b03187bdd40e8bf70f5f3ead840f52d1f42-v02ad04386d5238fe2d1a1be450df257370de4b6a,qutebrowser/qutebrowser,0,0,0,0,0,0,0,0,0,2139,5052,2913,0,0.25
phase1_v2_task_105|r3,phase1_v2_task_105,instance_qutebrowser__qutebrowser-e70f5b03187bdd40e8bf70f5f3ead840f52d1f42-v02ad04386d5238fe2d1a1be450df257370de4b6a,qutebrowser/qutebrowser,0,0,0,0,0,0,0,0,0,1676,5663,3987,0,0.4
phase1_v2_task_106|r1,phase1_v2_task_106,instance_qutebrowser__qutebrowser-3d01c201b8aa54dd71d4f801b1dd12feb4c0a08a-v5fc38aaf22415ab0b70567368332beee7955b367,qutebrowser/qutebrowser,1,1,0,1,1,0,1,1,0,1198,5725,4527,0,0.333333
phase1_v2_task_106|r2,phase1_v2_task_106,instance_qutebrowser__qutebrowser-3d01c201b8aa54dd71d4f801b1dd12feb4c0a08a-v5fc38aaf22415ab0b70567368332beee7955b367,qutebrowser/qutebrowser,1,1,0,1,1,0,1,1,0,1214,6002,4788,0,1.0
phase1_v2_task_107|r1,phase1_v2_task_107,instance_qutebrowser__qutebrowser-44e64199ed38003253f0296badd4a447645067b6-v2ef375ac784985212b1805e1d0431dc8f1b3c171,qutebrowser/qutebrowser,0,1,1,0,1,1,0,1,1,3126,6511,3385,1,0.0
phase1_v2_task_107|r2,phase1_v2_task_107,instance_qutebrowser__qutebrowser-44e64199ed38003253f0296badd4a447645067b6-v2ef375ac784985212b1805e1d0431dc8f1b3c171,qutebrowser/qutebrowser,0,1,1,0,1,1,0,1,1,1615,6389,4774,1,0.0
phase1_v2_task_108|r1,phase1_v2_task_108,instance_qutebrowser__qutebrowser-1943fa072ec3df5a87e18a23b0916f134c131016-vafb3e8e01b31319c66c4e666b8a3b1d8ba55db24,qutebrowser/qutebrowser,1,1,0,1,1,0,1,1,0,1636,5804,4168,0,0.666667
phase1_v2_task_108|r2,phase1_v2_task_108,instance_qutebrowser__qutebrowser-1943fa072ec3df5a87e18a23b0916f134c131016-vafb3e8e01b31319c66c4e666b8a3b1d8ba55db24,qutebrowser/qutebrowser,1,1,0,1,1,0,1,1,0,1939,6518,4579,0,0.25
phase1_v2_task_109|r1,phase1_v2_task_109,instance_qutebrowser__qutebrowser-9b71c1ea67a9e7eb70dd83214d881c2031db6541-v363c8a7e5ccdf6968fc7ab84a2053ac78036691d,qutebrowser/qutebrowser,0,0,0,0,0,0,0,0,0,1752,5901,4149,0,0.5
phase1_v2_task_109|r2,phase1_v2_task_109,instance_qutebrowser__qutebrowser-9b71c1ea67a9e7eb70dd83214d881c2031db6541-v363c8a7e5ccdf6968fc7ab84a2053ac78036691d,qutebrowser/qutebrowser,0,0,0,0,0,0,0,0,0,2725,6149,3424,1,0.333333
phase1_v2_task_110|r1,phase1_v2_task_110,instance_qutebrowser__qutebrowser-c580ebf0801e5a3ecabc54f327498bb753c6d5f2-v2ef375ac784985212b1805e1d0431dc8f1b3c171,qutebrowser/qutebrowser,0,1,1,0,1,1,0,1,1,2137,6949,4812,1,0.0
phase1_v2_task_110|r2,phase1_v2_task_110,instance_qutebrowser__qutebrowser-c580ebf0801e5a3ecabc54f327498bb753c6d5f2-v2ef375ac784985212b1805e1d0431dc8f1b3c171,qutebrowser/qutebrowser,0,1,1,0,1,1,0,1,1,2247,7188,4941,1,0.0
phase1_v2_task_111|r1,phase1_v2_task_111,instance_qutebrowser__qutebrowser-96b997802e942937e81d2b8a32d08f00d3f4bc4e-v5fc38aaf22415ab0b70567368332beee7955b367,qutebrowser/qutebrowser,1,0,-1,1,0,-1,1,0,-1,2082,6614,4532,1,0.0
phase1_v2_task_111|r2,phase1_v2_task_111,instance_qutebrowser__qutebrowser-96b997802e942937e81d2b8a32d08f00d3f4bc4e-v5fc38aaf22415ab0b70567368332beee7955b367,qutebrowser/qutebrowser,0,0,0,0,0,0,0,0,0,2704,6813,4109,0,1.0
phase1_v2_task_111|r3,phase1_v2_task_111,instance_qutebrowser__qutebrowser-96b997802e942937e81d2b8a32d08f00d3f4bc4e-v5fc38aaf22415ab0b70567368332beee7955b367,qutebrowser/qutebrowser,1,0,-1,1,0,-1,1,0,-1,1262,6699,5437,1,0.0
phase1_v2_task_112|r1,phase1_v2_task_112,instance_qutebrowser__qutebrowser-7b603dd6bf195e3e723ce08ff64a82b406e3f6b6-v9f8e9d96c85c85a605e382f1510bd08563afc566,qutebrowser/qutebrowser,0,0,0,0,0,0,0,0,0,3169,6575,3406,1,0.0
phase1_v2_task_112|r2,phase1_v2_task_112,instance_qutebrowser__qutebrowser-7b603dd6bf195e3e723ce08ff64a82b406e3f6b6-v9f8e9d96c85c85a605e382f1510bd08563afc566,qutebrowser/qutebrowser,0,0,0,0,0,0,0,0,0,2724,7028,4304,1,0.0
phase1_v2_task_113|r1,phase1_v2_task_113,instance_qutebrowser__qutebrowser-54bcdc1eefa86cc20790973d6997b60c3bba884c-v2ef375ac784985212b1805e1d0431dc8f1b3c171,qutebrowser/qutebrowser,0,1,1,0,1,1,0,1,1,2159,6111,3952,1,0.0
phase1_v2_task_113|r2,phase1_v2_task_113,instance_qutebrowser__qutebrowser-54bcdc1eefa86cc20790973d6997b60c3bba884c-v2ef375ac784985212b1805e1d0431dc8f1b3c171,qutebrowser/qutebrowser,0,0,0,0,0,0,0,0,0,2960,5526,2566,0,0.5
phase1_v2_task_113|r3,phase1_v2_task_113,instance_qutebrowser__qutebrowser-54bcdc1eefa86cc20790973d6997b60c3bba884c-v2ef375ac784985212b1805e1d0431dc8f1b3c171,qutebrowser/qutebrowser,0,0,0,0,1,1,0,1,1,1724,5641,3917,1,0.0
phase1_v2_task_114|r1,phase1_v2_task_114,instance_qutebrowser__qutebrowser-ef5ba1a0360b39f9eff027fbdc57f363597c3c3b-v363c8a7e5ccdf6968fc7ab84a2053ac78036691d,qutebrowser/qutebrowser,0,0,0,0,0,0,0,0,0,2942,5635,2693,1,0.0
phase1_v2_task_114|r2,phase1_v2_task_114,instance_qutebrowser__qutebrowser-ef5ba1a0360b39f9eff027fbdc57f363597c3c3b-v363c8a7e5ccdf6968fc7ab84a2053ac78036691d,qutebrowser/qutebrowser,0,0,0,0,1,1,0,1,1,2779,5521,2742,1,0.0
phase1_v2_task_115|r1,phase1_v2_task_115,instance_qutebrowser__qutebrowser-3e21c8214a998cb1058defd15aabb24617a76402-v5fc38aaf22415ab0b70567368332beee7955b367,qutebrowser/qutebrowser,1,1,0,1,1,0,1,1,0,1724,6103,4379,0,0.333333
phase1_v2_task_115|r2,phase1_v2_task_115,instance_qutebrowser__qutebrowser-3e21c8214a998cb1058defd15aabb24617a76402-v5fc38aaf22415ab0b70567368332beee7955b367,qutebrowser/qutebrowser,1,1,0,1,1,0,1,1,0,2358,6294,3936,0,0.333333
phase1_v2_task_116|r1,phase1_v2_task_116,instance_qutebrowser__qutebrowser-0aa57e4f7243024fa4bba8853306691b5dbd77b3-v5149fcda2a9a6fe1d35dfed1bade1444a11ef271,qutebrowser/qutebrowser,0,0,0,1,1,0,1,1,0,2524,6298,3774,1,0.125
phase1_v2_task_116|r2,phase1_v2_task_116,instance_qutebrowser__qutebrowser-0aa57e4f7243024fa4bba8853306691b5dbd77b3-v5149fcda2a9a6fe1d35dfed1bade1444a11ef271,qutebrowser/qutebrowser,1,0,-1,1,1,0,1,1,0,2680,5611,2931,1,0.125
phase1_v2_task_117|r1,phase1_v2_task_117,instance_qutebrowser__qutebrowser-2e961080a85d660148937ee8f0f6b3445a8f2c01-v363c8a7e5ccdf6968fc7ab84a2053ac78036691d,qutebrowser/qutebrowser,0,1,1,0,1,1,0,1,1,1974,6188,4214,1,0.0
phase1_v2_task_117|r2,phase1_v2_task_117,instance_qutebrowser__qutebrowser-2e961080a85d660148937ee8f0f6b3445a8f2c01-v363c8a7e5ccdf6968fc7ab84a2053ac78036691d,qutebrowser/qutebrowser,0,1,1,0,1,1,0,1,1,2512,6137,3625,1,0.0
phase1_v2_task_118|r1,phase1_v2_task_118,instance_qutebrowser__qutebrowser-fcfa069a06ade76d91bac38127f3235c13d78eb1-v5fc38aaf22415ab0b70567368332beee7955b367,qutebrowser/qutebrowser,1,1,0,1,1,0,1,1,0,1692,6222,4530,0,0.5
phase1_v2_task_118|r2,phase1_v2_task_118,instance_qutebrowser__qutebrowser-fcfa069a06ade76d91bac38127f3235c13d78eb1-v5fc38aaf22415ab0b70567368332beee7955b367,qutebrowser/qutebrowser,1,1,0,1,1,0,1,1,0,2015,5891,3876,0,0.2
phase1_v2_task_118|r3,phase1_v2_task_118,instance_qutebrowser__qutebrowser-fcfa069a06ade76d91bac38127f3235c13d78eb1-v5fc38aaf22415ab0b70567368332beee7955b367,qutebrowser/qutebrowser,1,1,0,1,1,0,1,1,0,1724,5632,3908,0,1.0
phase1_v2_task_119|r1,phase1_v2_task_119,instance_qutebrowser__qutebrowser-8f46ba3f6dc7b18375f7aa63c48a1fe461190430-v2ef375ac784985212b1805e1d0431dc8f1b3c171,qutebrowser/qutebrowser,0,0,0,0,0,0,0,0,0,2078,4872,2794,1,0.0
phase1_v2_task_119|r2,phase1_v2_task_119,instance_qutebrowser__qutebrowser-8f46ba3f6dc7b18375f7aa63c48a1fe461190430-v2ef375ac784985212b1805e1d0431dc8f1b3c171,qutebrowser/qutebrowser,0,0,0,0,0,0,0,0,0,2079,4953,2874,1,0.0
phase1_v2_task_120|r1,phase1_v2_task_120,instance_qutebrowser__qutebrowser-f91ace96223cac8161c16dd061907e138fe85111-v059c6fdc75567943479b23ebca7c07b5e9a7f34c,qutebrowser/qutebrowser,0,0,0,0,1,1,0,1,1,1116,6803,5687,1,0.0
phase1_v2_task_120|r2,phase1_v2_task_120,instance_qutebrowser__qutebrowser-f91ace96223cac8161c16dd061907e138fe85111-v059c6fdc75567943479b23ebca7c07b5e9a7f34c,qutebrowser/qutebrowser,0,0,0,0,0,0,0,0,0,1187,6690,5503,1,0.0
phase1_v2_task_120|r3,phase1_v2_task_120,instance_qutebrowser__qutebrowser-f91ace96223cac8161c16dd061907e138fe85111-v059c6fdc75567943479b23ebca7c07b5e9a7f34c,qutebrowser/qutebrowser,0,0,0,0,1,1,0,1,1,1175,6586,5411,1,0.0
